Workbook

Sheet СОТРУДНИКИ
A1: ФИО | B1: дни всего | E1: ФИО | F1: дни всего | I1: ФИО | J1: дни всего | M1: ФИО | N1: дни всего | Q1: ФИО | R1: дни всего | U1: ФИО | V1: дни всего | Y1: ФИО | Z1: дни всего | AC1: ФИО | AD1: дни всего | AG1: ФИО | AH1: дни всего | AK1: ФИО | AL1: дни всего | AO1: ФИО | AP1: дни всего | AS1: ФИО | AT1: дни всего | AW1: ФИО | AX1: дни всего | BA1: ФИО | BB1: дни всего | BE1: ФИО | BF1: дни всего | BI1: ФИО | BJ1: дни всего | BM1: ФИО | BN1: дни всего | BQ1: ФИО | BR1: дни всего | BU1: ФИО | BV1: дни всего | BY1: ФИО | BZ1: дни всего
A3: Иванов И.И. | B3: =SUM(B4:B5:B6:B7:B8:B9:B10:B11:B12:B13) | E3: Петров П.П. | F3: =SUM(F4:F5:F6:F7:F8:F9:F10:F11:F12:F13) | I3: Сидоров С.С. | J3: =SUM(J4:J5:J6:J7:J8:J9:J10:J11:J12:J13) | M3: Сотрудник 4 | N3: =SUM(N4:N5:N6:N7:N8:N9:N10:N11:N12:N13) | Q3: Сотрудник 5 | R3: =SUM(R4:R5:R6:R7:R8:R9:R10:R11:R12:R13) | U3: Сотрудник 6 | V3: =SUM(V4:V5:V6:V7:V8:V9:V10:V11:V12:V13) | Y3: Сотрудник 7 | Z3: =SUM(Z4:Z5:Z6:Z7:Z8:Z9:Z10:Z11:Z12:Z13) | AC3: Сотрудник 8 | AD3: =SUM(AD4:AD5:AD6:AD7:AD8:AD9:AD10:AD11:AD12:AD13) | AG3: Сотрудник 9 | AH3: =SUM(AH4:AH5:AH6:AH7:AH8:AH9:AH10:AH11:AH12:AH13) | AK3: Сотрудник 10 | AL3: =SUM(AL4:AL5:AL6:AL7:AL8:AL9:AL10:AL11:AL12:AL13) | AO3: Сотрудник 11 | AP3: =SUM(AP4:AP5:AP6:AP7:AP8:AP9:AP10:AP11:AP12:AP13) | AS3: Сотрудник 12 | AT3: =SUM(AT4:AT5:AT6:AT7:AT8:AT9:AT10:AT11:AT12:AT13) | AW3: Сотрудник 13 | AX3: =SUM(AX4:AX5:AX6:AX7:AX8:AX9:AX10:AX11:AX12:AX13) | BA3: Сотрудник 14 | BB3: =SUM(BB4:BB5:BB6:BB7:BB8:BB9:BB10:BB11:BB12:BB13) | BE3: Сотрудник 15 | BF3: =SUM(BF4:BF5:BF6:BF7:BF8:BF9:BF10:BF11:BF12:BF13) | BI3: Сотрудник 16 | BJ3: =SUM(BJ4:BJ5:BJ6:BJ7:BJ8:BJ9:BJ10:BJ11:BJ12:BJ13) | BM3: Сотрудник 17 | BN3: =SUM(BN4:BN5:BN6:BN7:BN8:BN9:BN10:BN11:BN12:BN13) | BQ3: Сотрудник 18 | BR3: =SUM(BR4:BR5:BR6:BR7:BR8:BR9:BR10:BR11:BR12:BR13) | BU3: Сотрудник 19 | BV3: =SUM(BV4:BV5:BV6:BV7:BV8:BV9:BV10:BV11:BV12:BV13) | BY3: Сотрудник 20 | BZ3: =SUM(BZ4:BZ5:BZ6:BZ7:BZ8:BZ9:BZ10:BZ11:BZ12:BZ13)
B4: =IF(AND(C4<>"",D4<>""),(D4-C4+1)-COUNTIFS(ПРАЗДНИКИ!$A:$A,">="&C4,ПРАЗДНИКИ!$A:$A,"<="&D4),"") | C4: 46032 | D4: 46042 | F4: =IF(AND(G4<>"",H4<>""),(H4-G4+1)-COUNTIFS(ПРАЗДНИКИ!$A:$A,">="&G4,ПРАЗДНИКИ!$A:$A,"<="&H4),"") | G4: 46143 | H4: 46157 | J4: =IF(AND(K4<>"",L4<>""),(L4-K4+1)-COUNTIFS(ПРАЗДНИКИ!$A:$A,">="&K4,ПРАЗДНИКИ!$A:$A,"<="&L4),"") | K4: 46235 | L4: 46248 | N4: =IF(AND(O4<>"",P4<>""),(P4-O4+1)-COUNTIFS(ПРАЗДНИКИ!$A:$A,">="&O4,ПРАЗДНИКИ!$A:$A,"<="&P4),"") | R4: =IF(AND(S4<>"",T4<>""),(T4-S4+1)-COUNTIFS(ПРАЗДНИКИ!$A:$A,">="&S4,ПРАЗДНИКИ!$A:$A,"<="&T4),"") | V4: =IF(AND(W4<>"",X4<>""),(X4-W4+1)-COUNTIFS(ПРАЗДНИКИ!$A:$A,">="&W4,ПРАЗДНИКИ!$A:$A,"<="&X4),"") | Z4: =IF(AND(AA4<>"",AB4<>""),(AB4-AA4+1)-COUNTIFS(ПРАЗДНИКИ!$A:$A,">="&AA4,ПРАЗДНИКИ!$A:$A,"<="&AB4),"") | AD4: =IF(AND(AE4<>"",AF4<>""),(AF4-AE4+1)-COUNTIFS(ПРАЗДНИКИ!$A:$A,">="&AE4,ПРАЗДНИКИ!$A:$A,"<="&AF4),"") | AH4: =IF(AND(AI4<>"",AJ4<>""),(AJ4-AI4+1)-COUNTIFS(ПРАЗДНИКИ!$A:$A,">="&AI4,ПРАЗДНИКИ!$A:$A,"<="&AJ4),"") | AL4: =IF(AND(AM4<>"",AN4<>""),(AN4-AM4+1)-COUNTIFS(ПРАЗДНИКИ!$A:$A,">="&AM4,ПРАЗДНИКИ!$A:$A,"<="&AN4),"") | AP4: =IF(AND(AQ4<>"",AR4<>""),(AR4-AQ4+1)-COUNTIFS(ПРАЗДНИКИ!$A:$A,">="&AQ4,ПРАЗДНИКИ!$A:$A,"<="&AR4),"") | AT4: =IF(AND(AU4<>"",AV4<>""),(AV4-AU4+1)-COUNTIFS(ПРАЗДНИКИ!$A:$A,">="&AU4,ПРАЗДНИКИ!$A:$A,"<="&AV4),"") | AX4: =IF(AND(AY4<>"",AZ4<>""),(AZ4-AY4+1)-COUNTIFS(ПРАЗДНИКИ!$A:$A,">="&AY4,ПРАЗДНИКИ!$A:$A,"<="&AZ4),"") | BB4: =IF(AND(BC4<>"",BD4<>""),(BD4-BC4+1)-COUNTIFS(ПРАЗДНИКИ!$A:$A,">="&BC4,ПРАЗДНИКИ!$A:$A,"<="&BD4),"") | BF4: =IF(AND(BG4<>"",BH4<>""),(BH4-BG4+1)-COUNTIFS(ПРАЗДНИКИ!$A:$A,">="&BG4,ПРАЗДНИКИ!$A:$A,"<="&BH4),"") | BJ4: =IF(AND(BK4<>"",BL4<>""),(BL4-BK4+1)-COUNTIFS(ПРАЗДНИКИ!$A:$A,">="&BK4,ПРАЗДНИКИ!$A:$A,"<="&BL4),"") | BN4: =IF(AND(BO4<>"",BP4<>""),(BP4-BO4+1)-COUNTIFS(ПРАЗДНИКИ!$A:$A,">="&BO4,ПРАЗДНИКИ!$A:$A,"<="&BP4),"") | BR4: =IF(AND(BS4<>"",BT4<>""),(BT4-BS4+1)-COUNTIFS(ПРАЗДНИКИ!$A:$A,">="&BS4,ПРАЗДНИКИ!$A:$A,"<="&BT4),"") | BV4: =IF(AND(BW4<>"",BX4<>""),(BX4-BW4+1)-COUNTIFS(ПРАЗДНИКИ!$A:$A,">="&BW4,ПРАЗДНИКИ!$A:$A,"<="&BX4),"") | BZ4: =IF(AND(CA4<>"",CB4<>""),(CB4-CA4+1)-COUNTIFS(ПРАЗДНИКИ!$A:$A,">="&CA4,ПРАЗДНИКИ!$A:$A,"<="&CB4),"")
B5: =IF(AND(C5<>"",D5<>""),(D5-C5+1)-COUNTIFS(ПРАЗДНИКИ!$A:$A,">="&C5,ПРАЗДНИКИ!$A:$A,"<="&D5),"") | C5: 46101 | D5: 46106 | F5: =IF(AND(G5<>"",H5<>""),(H5-G5+1)-COUNTIFS(ПРАЗДНИКИ!$A:$A,">="&G5,ПРАЗДНИКИ!$A:$A,"<="&H5),"") | J5: =IF(AND(K5<>"",L5<>""),(L5-K5+1)-COUNTIFS(ПРАЗДНИКИ!$A:$A,">="&K5,ПРАЗДНИКИ!$A:$A,"<="&L5),"") | N5: =IF(AND(O5<>"",P5<>""),(P5-O5+1)-COUNTIFS(ПРАЗДНИКИ!$A:$A,">="&O5,ПРАЗДНИКИ!$A:$A,"<="&P5),"") | R5: =IF(AND(S5<>"",T5<>""),(T5-S5+1)-COUNTIFS(ПРАЗДНИКИ!$A:$A,">="&S5,ПРАЗДНИКИ!$A:$A,"<="&T5),"") | V5: =IF(AND(W5<>"",X5<>""),(X5-W5+1)-COUNTIFS(ПРАЗДНИКИ!$A:$A,">="&W5,ПРАЗДНИКИ!$A:$A,"<="&X5),"") | Z5: =IF(AND(AA5<>"",AB5<>""),(AB5-AA5+1)-COUNTIFS(ПРАЗДНИКИ!$A:$A,">="&AA5,ПРАЗДНИКИ!$A:$A,"<="&AB5),"") | AD5: =IF(AND(AE5<>"",AF5<>""),(AF5-AE5+1)-COUNTIFS(ПРАЗДНИКИ!$A:$A,">="&AE5,ПРАЗДНИКИ!$A:$A,"<="&AF5),"") | AH5: =IF(AND(AI5<>"",AJ5<>""),(AJ5-AI5+1)-COUNTIFS(ПРАЗДНИКИ!$A:$A,">="&AI5,ПРАЗДНИКИ!$A:$A,"<="&AJ5),"") | AL5: =IF(AND(AM5<>"",AN5<>""),(AN5-AM5+1)-COUNTIFS(ПРАЗДНИКИ!$A:$A,">="&AM5,ПРАЗДНИКИ!$A:$A,"<="&AN5),"") | AP5: =IF(AND(AQ5<>"",AR5<>""),(AR5-AQ5+1)-COUNTIFS(ПРАЗДНИКИ!$A:$A,">="&AQ5,ПРАЗДНИКИ!$A:$A,"<="&AR5),"") | AT5: =IF(AND(AU5<>"",AV5<>""),(AV5-AU5+1)-COUNTIFS(ПРАЗДНИКИ!$A:$A,">="&AU5,ПРАЗДНИКИ!$A:$A,"<="&AV5),"") | AX5: =IF(AND(AY5<>"",AZ5<>""),(AZ5-AY5+1)-COUNTIFS(ПРАЗДНИКИ!$A:$A,">="&AY5,ПРАЗДНИКИ!$A:$A,"<="&AZ5),"") | BB5: =IF(AND(BC5<>"",BD5<>""),(BD5-BC5+1)-COUNTIFS(ПРАЗДНИКИ!$A:$A,">="&BC5,ПРАЗДНИКИ!$A:$A,"<="&BD5),"") | BF5: =IF(AND(BG5<>"",BH5<>""),(BH5-BG5+1)-COUNTIFS(ПРАЗДНИКИ!$A:$A,">="&BG5,ПРАЗДНИКИ!$A:$A,"<="&BH5),"") | BJ5: =IF(AND(BK5<>"",BL5<>""),(BL5-BK5+1)-COUNTIFS(ПРАЗДНИКИ!$A:$A,">="&BK5,ПРАЗДНИКИ!$A:$A,"<="&BL5),"") | BN5: =IF(AND(BO5<>"",BP5<>""),(BP5-BO5+1)-COUNTIFS(ПРАЗДНИКИ!$A:$A,">="&BO5,ПРАЗДНИКИ!$A:$A,"<="&BP5),"") | BR5: =IF(AND(BS5<>"",BT5<>""),(BT5-BS5+1)-COUNTIFS(ПРАЗДНИКИ!$A:$A,">="&BS5,ПРАЗДНИКИ!$A:$A,"<="&BT5),"") | BV5: =IF(AND(BW5<>"",BX5<>""),(BX5-BW5+1)-COUNTIFS(ПРАЗДНИКИ!$A:$A,">="&BW5,ПРАЗДНИКИ!$A:$A,"<="&BX5),"") | BZ5: =IF(AND(CA5<>"",CB5<>""),(CB5-CA5+1)-COUNTIFS(ПРАЗДНИКИ!$A:$A,">="&CA5,ПРАЗДНИКИ!$A:$A,"<="&CB5),"")
B6: =IF(AND(C6<>"",D6<>""),(D6-C6+1)-COUNTIFS(ПРАЗДНИКИ!$A:$A,">="&C6,ПРАЗДНИКИ!$A:$A,"<="&D6),"") | C6: 46183 | D6: 46188 | F6: =IF(AND(G6<>"",H6<>""),(H6-G6+1)-COUNTIFS(ПРАЗДНИКИ!$A:$A,">="&G6,ПРАЗДНИКИ!$A:$A,"<="&H6),"") | J6: =IF(AND(K6<>"",L6<>""),(L6-K6+1)-COUNTIFS(ПРАЗДНИКИ!$A:$A,">="&K6,ПРАЗДНИКИ!$A:$A,"<="&L6),"") | N6: =IF(AND(O6<>"",P6<>""),(P6-O6+1)-COUNTIFS(ПРАЗДНИКИ!$A:$A,">="&O6,ПРАЗДНИКИ!$A:$A,"<="&P6),"") | R6: =IF(AND(S6<>"",T6<>""),(T6-S6+1)-COUNTIFS(ПРАЗДНИКИ!$A:$A,">="&S6,ПРАЗДНИКИ!$A:$A,"<="&T6),"") | V6: =IF(AND(W6<>"",X6<>""),(X6-W6+1)-COUNTIFS(ПРАЗДНИКИ!$A:$A,">="&W6,ПРАЗДНИКИ!$A:$A,"<="&X6),"") | Z6: =IF(AND(AA6<>"",AB6<>""),(AB6-AA6+1)-COUNTIFS(ПРАЗДНИКИ!$A:$A,">="&AA6,ПРАЗДНИКИ!$A:$A,"<="&AB6),"") | AD6: =IF(AND(AE6<>"",AF6<>""),(AF6-AE6+1)-COUNTIFS(ПРАЗДНИКИ!$A:$A,">="&AE6,ПРАЗДНИКИ!$A:$A,"<="&AF6),"") | AH6: =IF(AND(AI6<>"",AJ6<>""),(AJ6-AI6+1)-COUNTIFS(ПРАЗДНИКИ!$A:$A,">="&AI6,ПРАЗДНИКИ!$A:$A,"<="&AJ6),"") | AL6: =IF(AND(AM6<>"",AN6<>""),(AN6-AM6+1)-COUNTIFS(ПРАЗДНИКИ!$A:$A,">="&AM6,ПРАЗДНИКИ!$A:$A,"<="&AN6),"") | AP6: =IF(AND(AQ6<>"",AR6<>""),(AR6-AQ6+1)-COUNTIFS(ПРАЗДНИКИ!$A:$A,">="&AQ6,ПРАЗДНИКИ!$A:$A,"<="&AR6),"") | AT6: =IF(AND(AU6<>"",AV6<>""),(AV6-AU6+1)-COUNTIFS(ПРАЗДНИКИ!$A:$A,">="&AU6,ПРАЗДНИКИ!$A:$A,"<="&AV6),"") | AX6: =IF(AND(AY6<>"",AZ6<>""),(AZ6-AY6+1)-COUNTIFS(ПРАЗДНИКИ!$A:$A,">="&AY6,ПРАЗДНИКИ!$A:$A,"<="&AZ6),"") | BB6: =IF(AND(BC6<>"",BD6<>""),(BD6-BC6+1)-COUNTIFS(ПРАЗДНИКИ!$A:$A,">="&BC6,ПРАЗДНИКИ!$A:$A,"<="&BD6),"") | BF6: =IF(AND(BG6<>"",BH6<>""),(BH6-BG6+1)-COUNTIFS(ПРАЗДНИКИ!$A:$A,">="&BG6,ПРАЗДНИКИ!$A:$A,"<="&BH6),"") | BJ6: =IF(AND(BK6<>"",BL6<>""),(BL6-BK6+1)-COUNTIFS(ПРАЗДНИКИ!$A:$A,">="&BK6,ПРАЗДНИКИ!$A:$A,"<="&BL6),"") | BN6: =IF(AND(BO6<>"",BP6<>""),(BP6-BO6+1)-COUNTIFS(ПРАЗДНИКИ!$A:$A,">="&BO6,ПРАЗДНИКИ!$A:$A,"<="&BP6),"") | BR6: =IF(AND(BS6<>"",BT6<>""),(BT6-BS6+1)-COUNTIFS(ПРАЗДНИКИ!$A:$A,">="&BS6,ПРАЗДНИКИ!$A:$A,"<="&BT6),"") | BV6: =IF(AND(BW6<>"",BX6<>""),(BX6-BW6+1)-COUNTIFS(ПРАЗДНИКИ!$A:$A,">="&BW6,ПРАЗДНИКИ!$A:$A,"<="&BX6),"") | BZ6: =IF(AND(CA6<>"",CB6<>""),(CB6-CA6+1)-COUNTIFS(ПРАЗДНИКИ!$A:$A,">="&CA6,ПРАЗДНИКИ!$A:$A,"<="&CB6),"")
B7: =IF(AND(C7<>"",D7<>""),(D7-C7+1)-COUNTIFS(ПРАЗДНИКИ!$A:$A,">="&C7,ПРАЗДНИКИ!$A:$A,"<="&D7),"") | F7: =IF(AND(G7<>"",H7<>""),(H7-G7+1)-COUNTIFS(ПРАЗДНИКИ!$A:$A,">="&G7,ПРАЗДНИКИ!$A:$A,"<="&H7),"") | J7: =IF(AND(K7<>"",L7<>""),(L7-K7+1)-COUNTIFS(ПРАЗДНИКИ!$A:$A,">="&K7,ПРАЗДНИКИ!$A:$A,"<="&L7),"") | N7: =IF(AND(O7<>"",P7<>""),(P7-O7+1)-COUNTIFS(ПРАЗДНИКИ!$A:$A,">="&O7,ПРАЗДНИКИ!$A:$A,"<="&P7),"") | R7: =IF(AND(S7<>"",T7<>""),(T7-S7+1)-COUNTIFS(ПРАЗДНИКИ!$A:$A,">="&S7,ПРАЗДНИКИ!$A:$A,"<="&T7),"") | V7: =IF(AND(W7<>"",X7<>""),(X7-W7+1)-COUNTIFS(ПРАЗДНИКИ!$A:$A,">="&W7,ПРАЗДНИКИ!$A:$A,"<="&X7),"") | Z7: =IF(AND(AA7<>"",AB7<>""),(AB7-AA7+1)-COUNTIFS(ПРАЗДНИКИ!$A:$A,">="&AA7,ПРАЗДНИКИ!$A:$A,"<="&AB7),"") | AD7: =IF(AND(AE7<>"",AF7<>""),(AF7-AE7+1)-COUNTIFS(ПРАЗДНИКИ!$A:$A,">="&AE7,ПРАЗДНИКИ!$A:$A,"<="&AF7),"") | AH7: =IF(AND(AI7<>"",AJ7<>""),(AJ7-AI7+1)-COUNTIFS(ПРАЗДНИКИ!$A:$A,">="&AI7,ПРАЗДНИКИ!$A:$A,"<="&AJ7),"") | AL7: =IF(AND(AM7<>"",AN7<>""),(AN7-AM7+1)-COUNTIFS(ПРАЗДНИКИ!$A:$A,">="&AM7,ПРАЗДНИКИ!$A:$A,"<="&AN7),"") | AP7: =IF(AND(AQ7<>"",AR7<>""),(AR7-AQ7+1)-COUNTIFS(ПРАЗДНИКИ!$A:$A,">="&AQ7,ПРАЗДНИКИ!$A:$A,"<="&AR7),"") | AT7: =IF(AND(AU7<>"",AV7<>""),(AV7-AU7+1)-COUNTIFS(ПРАЗДНИКИ!$A:$A,">="&AU7,ПРАЗДНИКИ!$A:$A,"<="&AV7),"") | AX7: =IF(AND(AY7<>"",AZ7<>""),(AZ7-AY7+1)-COUNTIFS(ПРАЗДНИКИ!$A:$A,">="&AY7,ПРАЗДНИКИ!$A:$A,"<="&AZ7),"") | BB7: =IF(AND(BC7<>"",BD7<>""),(BD7-BC7+1)-COUNTIFS(ПРАЗДНИКИ!$A:$A,">="&BC7,ПРАЗДНИКИ!$A:$A,"<="&BD7),"") | BF7: =IF(AND(BG7<>"",BH7<>""),(BH7-BG7+1)-COUNTIFS(ПРАЗДНИКИ!$A:$A,">="&BG7,ПРАЗДНИКИ!$A:$A,"<="&BH7),"") | BJ7: =IF(AND(BK7<>"",BL7<>""),(BL7-BK7+1)-COUNTIFS(ПРАЗДНИКИ!$A:$A,">="&BK7,ПРАЗДНИКИ!$A:$A,"<="&BL7),"") | BN7: =IF(AND(BO7<>"",BP7<>""),(BP7-BO7+1)-COUNTIFS(ПРАЗДНИКИ!$A:$A,">="&BO7,ПРАЗДНИКИ!$A:$A,"<="&BP7),"") | BR7: =IF(AND(BS7<>"",BT7<>""),(BT7-BS7+1)-COUNTIFS(ПРАЗДНИКИ!$A:$A,">="&BS7,ПРАЗДНИКИ!$A:$A,"<="&BT7),"") | BV7: =IF(AND(BW7<>"",BX7<>""),(BX7-BW7+1)-COUNTIFS(ПРАЗДНИКИ!$A:$A,">="&BW7,ПРАЗДНИКИ!$A:$A,"<="&BX7),"") | BZ7: =IF(AND(CA7<>"",CB7<>""),(CB7-CA7+1)-COUNTIFS(ПРАЗДНИКИ!$A:$A,">="&CA7,ПРАЗДНИКИ!$A:$A,"<="&CB7),"")
B8: =IF(AND(C8<>"",D8<>""),(D8-C8+1)-COUNTIFS(ПРАЗДНИКИ!$A:$A,">="&C8,ПРАЗДНИКИ!$A:$A,"<="&D8),"") | F8: =IF(AND(G8<>"",H8<>""),(H8-G8+1)-COUNTIFS(ПРАЗДНИКИ!$A:$A,">="&G8,ПРАЗДНИКИ!$A:$A,"<="&H8),"") | J8: =IF(AND(K8<>"",L8<>""),(L8-K8+1)-COUNTIFS(ПРАЗДНИКИ!$A:$A,">="&K8,ПРАЗДНИКИ!$A:$A,"<="&L8),"") | N8: =IF(AND(O8<>"",P8<>""),(P8-O8+1)-COUNTIFS(ПРАЗДНИКИ!$A:$A,">="&O8,ПРАЗДНИКИ!$A:$A,"<="&P8),"") | R8: =IF(AND(S8<>"",T8<>""),(T8-S8+1)-COUNTIFS(ПРАЗДНИКИ!$A:$A,">="&S8,ПРАЗДНИКИ!$A:$A,"<="&T8),"") | V8: =IF(AND(W8<>"",X8<>""),(X8-W8+1)-COUNTIFS(ПРАЗДНИКИ!$A:$A,">="&W8,ПРАЗДНИКИ!$A:$A,"<="&X8),"") | Z8: =IF(AND(AA8<>"",AB8<>""),(AB8-AA8+1)-COUNTIFS(ПРАЗДНИКИ!$A:$A,">="&AA8,ПРАЗДНИКИ!$A:$A,"<="&AB8),"") | AD8: =IF(AND(AE8<>"",AF8<>""),(AF8-AE8+1)-COUNTIFS(ПРАЗДНИКИ!$A:$A,">="&AE8,ПРАЗДНИКИ!$A:$A,"<="&AF8),"") | AH8: =IF(AND(AI8<>"",AJ8<>""),(AJ8-AI8+1)-COUNTIFS(ПРАЗДНИКИ!$A:$A,">="&AI8,ПРАЗДНИКИ!$A:$A,"<="&AJ8),"") | AL8: =IF(AND(AM8<>"",AN8<>""),(AN8-AM8+1)-COUNTIFS(ПРАЗДНИКИ!$A:$A,">="&AM8,ПРАЗДНИКИ!$A:$A,"<="&AN8),"") | AP8: =IF(AND(AQ8<>"",AR8<>""),(AR8-AQ8+1)-COUNTIFS(ПРАЗДНИКИ!$A:$A,">="&AQ8,ПРАЗДНИКИ!$A:$A,"<="&AR8),"") | AT8: =IF(AND(AU8<>"",AV8<>""),(AV8-AU8+1)-COUNTIFS(ПРАЗДНИКИ!$A:$A,">="&AU8,ПРАЗДНИКИ!$A:$A,"<="&AV8),"") | AX8: =IF(AND(AY8<>"",AZ8<>""),(AZ8-AY8+1)-COUNTIFS(ПРАЗДНИКИ!$A:$A,">="&AY8,ПРАЗДНИКИ!$A:$A,"<="&AZ8),"") | BB8: =IF(AND(BC8<>"",BD8<>""),(BD8-BC8+1)-COUNTIFS(ПРАЗДНИКИ!$A:$A,">="&BC8,ПРАЗДНИКИ!$A:$A,"<="&BD8),"") | BF8: =IF(AND(BG8<>"",BH8<>""),(BH8-BG8+1)-COUNTIFS(ПРАЗДНИКИ!$A:$A,">="&BG8,ПРАЗДНИКИ!$A:$A,"<="&BH8),"") | BJ8: =IF(AND(BK8<>"",BL8<>""),(BL8-BK8+1)-COUNTIFS(ПРАЗДНИКИ!$A:$A,">="&BK8,ПРАЗДНИКИ!$A:$A,"<="&BL8),"") | BN8: =IF(AND(BO8<>"",BP8<>""),(BP8-BO8+1)-COUNTIFS(ПРАЗДНИКИ!$A:$A,">="&BO8,ПРАЗДНИКИ!$A:$A,"<="&BP8),"") | BR8: =IF(AND(BS8<>"",BT8<>""),(BT8-BS8+1)-COUNTIFS(ПРАЗДНИКИ!$A:$A,">="&BS8,ПРАЗДНИКИ!$A:$A,"<="&BT8),"") | BV8: =IF(AND(BW8<>"",BX8<>""),(BX8-BW8+1)-COUNTIFS(ПРАЗДНИКИ!$A:$A,">="&BW8,ПРАЗДНИКИ!$A:$A,"<="&BX8),"") | BZ8: =IF(AND(CA8<>"",CB8<>""),(CB8-CA8+1)-COUNTIFS(ПРАЗДНИКИ!$A:$A,">="&CA8,ПРАЗДНИКИ!$A:$A,"<="&CB8),"")
B9: =IF(AND(C9<>"",D9<>""),(D9-C9+1)-COUNTIFS(ПРАЗДНИКИ!$A:$A,">="&C9,ПРАЗДНИКИ!$A:$A,"<="&D9),"") | F9: =IF(AND(G9<>"",H9<>""),(H9-G9+1)-COUNTIFS(ПРАЗДНИКИ!$A:$A,">="&G9,ПРАЗДНИКИ!$A:$A,"<="&H9),"") | J9: =IF(AND(K9<>"",L9<>""),(L9-K9+1)-COUNTIFS(ПРАЗДНИКИ!$A:$A,">="&K9,ПРАЗДНИКИ!$A:$A,"<="&L9),"") | N9: =IF(AND(O9<>"",P9<>""),(P9-O9+1)-COUNTIFS(ПРАЗДНИКИ!$A:$A,">="&O9,ПРАЗДНИКИ!$A:$A,"<="&P9),"") | R9: =IF(AND(S9<>"",T9<>""),(T9-S9+1)-COUNTIFS(ПРАЗДНИКИ!$A:$A,">="&S9,ПРАЗДНИКИ!$A:$A,"<="&T9),"") | V9: =IF(AND(W9<>"",X9<>""),(X9-W9+1)-COUNTIFS(ПРАЗДНИКИ!$A:$A,">="&W9,ПРАЗДНИКИ!$A:$A,"<="&X9),"") | Z9: =IF(AND(AA9<>"",AB9<>""),(AB9-AA9+1)-COUNTIFS(ПРАЗДНИКИ!$A:$A,">="&AA9,ПРАЗДНИКИ!$A:$A,"<="&AB9),"") | AD9: =IF(AND(AE9<>"",AF9<>""),(AF9-AE9+1)-COUNTIFS(ПРАЗДНИКИ!$A:$A,">="&AE9,ПРАЗДНИКИ!$A:$A,"<="&AF9),"") | AH9: =IF(AND(AI9<>"",AJ9<>""),(AJ9-AI9+1)-COUNTIFS(ПРАЗДНИКИ!$A:$A,">="&AI9,ПРАЗДНИКИ!$A:$A,"<="&AJ9),"") | AL9: =IF(AND(AM9<>"",AN9<>""),(AN9-AM9+1)-COUNTIFS(ПРАЗДНИКИ!$A:$A,">="&AM9,ПРАЗДНИКИ!$A:$A,"<="&AN9),"") | AP9: =IF(AND(AQ9<>"",AR9<>""),(AR9-AQ9+1)-COUNTIFS(ПРАЗДНИКИ!$A:$A,">="&AQ9,ПРАЗДНИКИ!$A:$A,"<="&AR9),"") | AT9: =IF(AND(AU9<>"",AV9<>""),(AV9-AU9+1)-COUNTIFS(ПРАЗДНИКИ!$A:$A,">="&AU9,ПРАЗДНИКИ!$A:$A,"<="&AV9),"") | AX9: =IF(AND(AY9<>"",AZ9<>""),(AZ9-AY9+1)-COUNTIFS(ПРАЗДНИКИ!$A:$A,">="&AY9,ПРАЗДНИКИ!$A:$A,"<="&AZ9),"") | BB9: =IF(AND(BC9<>"",BD9<>""),(BD9-BC9+1)-COUNTIFS(ПРАЗДНИКИ!$A:$A,">="&BC9,ПРАЗДНИКИ!$A:$A,"<="&BD9),"") | BF9: =IF(AND(BG9<>"",BH9<>""),(BH9-BG9+1)-COUNTIFS(ПРАЗДНИКИ!$A:$A,">="&BG9,ПРАЗДНИКИ!$A:$A,"<="&BH9),"") | BJ9: =IF(AND(BK9<>"",BL9<>""),(BL9-BK9+1)-COUNTIFS(ПРАЗДНИКИ!$A:$A,">="&BK9,ПРАЗДНИКИ!$A:$A,"<="&BL9),"") | BN9: =IF(AND(BO9<>"",BP9<>""),(BP9-BO9+1)-COUNTIFS(ПРАЗДНИКИ!$A:$A,">="&BO9,ПРАЗДНИКИ!$A:$A,"<="&BP9),"") | BR9: =IF(AND(BS9<>"",BT9<>""),(BT9-BS9+1)-COUNTIFS(ПРАЗДНИКИ!$A:$A,">="&BS9,ПРАЗДНИКИ!$A:$A,"<="&BT9),"") | BV9: =IF(AND(BW9<>"",BX9<>""),(BX9-BW9+1)-COUNTIFS(ПРАЗДНИКИ!$A:$A,">="&BW9,ПРАЗДНИКИ!$A:$A,"<="&BX9),"") | BZ9: =IF(AND(CA9<>"",CB9<>""),(CB9-CA9+1)-COUNTIFS(ПРАЗДНИКИ!$A:$A,">="&CA9,ПРАЗДНИКИ!$A:$A,"<="&CB9),"")
B10: =IF(AND(C10<>"",D10<>""),(D10-C10+1)-COUNTIFS(ПРАЗДНИКИ!$A:$A,">="&C10,ПРАЗДНИКИ!$A:$A,"<="&D10),"") | F10: =IF(AND(G10<>"",H10<>""),(H10-G10+1)-COUNTIFS(ПРАЗДНИКИ!$A:$A,">="&G10,ПРАЗДНИКИ!$A:$A,"<="&H10),"") | J10: =IF(AND(K10<>"",L10<>""),(L10-K10+1)-COUNTIFS(ПРАЗДНИКИ!$A:$A,">="&K10,ПРАЗДНИКИ!$A:$A,"<="&L10),"") | N10: =IF(AND(O10<>"",P10<>""),(P10-O10+1)-COUNTIFS(ПРАЗДНИКИ!$A:$A,">="&O10,ПРАЗДНИКИ!$A:$A,"<="&P10),"") | R10: =IF(AND(S10<>"",T10<>""),(T10-S10+1)-COUNTIFS(ПРАЗДНИКИ!$A:$A,">="&S10,ПРАЗДНИКИ!$A:$A,"<="&T10),"") | V10: =IF(AND(W10<>"",X10<>""),(X10-W10+1)-COUNTIFS(ПРАЗДНИКИ!$A:$A,">="&W10,ПРАЗДНИКИ!$A:$A,"<="&X10),"") | Z10: =IF(AND(AA10<>"",AB10<>""),(AB10-AA10+1)-COUNTIFS(ПРАЗДНИКИ!$A:$A,">="&AA10,ПРАЗДНИКИ!$A:$A,"<="&AB10),"") | AD10: =IF(AND(AE10<>"",AF10<>""),(AF10-AE10+1)-COUNTIFS(ПРАЗДНИКИ!$A:$A,">="&AE10,ПРАЗДНИКИ!$A:$A,"<="&AF10),"") | AH10: =IF(AND(AI10<>"",AJ10<>""),(AJ10-AI10+1)-COUNTIFS(ПРАЗДНИКИ!$A:$A,">="&AI10,ПРАЗДНИКИ!$A:$A,"<="&AJ10),"") | AL10: =IF(AND(AM10<>"",AN10<>""),(AN10-AM10+1)-COUNTIFS(ПРАЗДНИКИ!$A:$A,">="&AM10,ПРАЗДНИКИ!$A:$A,"<="&AN10),"") | AP10: =IF(AND(AQ10<>"",AR10<>""),(AR10-AQ10+1)-COUNTIFS(ПРАЗДНИКИ!$A:$A,">="&AQ10,ПРАЗДНИКИ!$A:$A,"<="&AR10),"") | AT10: =IF(AND(AU10<>"",AV10<>""),(AV10-AU10+1)-COUNTIFS(ПРАЗДНИКИ!$A:$A,">="&AU10,ПРАЗДНИКИ!$A:$A,"<="&AV10),"") | AX10: =IF(AND(AY10<>"",AZ10<>""),(AZ10-AY10+1)-COUNTIFS(ПРАЗДНИКИ!$A:$A,">="&AY10,ПРАЗДНИКИ!$A:$A,"<="&AZ10),"") | BB10: =IF(AND(BC10<>"",BD10<>""),(BD10-BC10+1)-COUNTIFS(ПРАЗДНИКИ!$A:$A,">="&BC10,ПРАЗДНИКИ!$A:$A,"<="&BD10),"") | BF10: =IF(AND(BG10<>"",BH10<>""),(BH10-BG10+1)-COUNTIFS(ПРАЗДНИКИ!$A:$A,">="&BG10,ПРАЗДНИКИ!$A:$A,"<="&BH10),"") | BJ10: =IF(AND(BK10<>"",BL10<>""),(BL10-BK10+1)-COUNTIFS(ПРАЗДНИКИ!$A:$A,">="&BK10,ПРАЗДНИКИ!$A:$A,"<="&BL10),"") | BN10: =IF(AND(BO10<>"",BP10<>""),(BP10-BO10+1)-COUNTIFS(ПРАЗДНИКИ!$A:$A,">="&BO10,ПРАЗДНИКИ!$A:$A,"<="&BP10),"") | BR10: =IF(AND(BS10<>"",BT10<>""),(BT10-BS10+1)-COUNTIFS(ПРАЗДНИКИ!$A:$A,">="&BS10,ПРАЗДНИКИ!$A:$A,"<="&BT10),"") | BV10: =IF(AND(BW10<>"",BX10<>""),(BX10-BW10+1)-COUNTIFS(ПРАЗДНИКИ!$A:$A,">="&BW10,ПРАЗДНИКИ!$A:$A,"<="&BX10),"") | BZ10: =IF(AND(CA10<>"",CB10<>""),(CB10-CA10+1)-COUNTIFS(ПРАЗДНИКИ!$A:$A,">="&CA10,ПРАЗДНИКИ!$A:$A,"<="&CB10),"")
B11: =IF(AND(C11<>"",D11<>""),(D11-C11+1)-COUNTIFS(ПРАЗДНИКИ!$A:$A,">="&C11,ПРАЗДНИКИ!$A:$A,"<="&D11),"") | F11: =IF(AND(G11<>"",H11<>""),(H11-G11+1)-COUNTIFS(ПРАЗДНИКИ!$A:$A,">="&G11,ПРАЗДНИКИ!$A:$A,"<="&H11),"") | J11: =IF(AND(K11<>"",L11<>""),(L11-K11+1)-COUNTIFS(ПРАЗДНИКИ!$A:$A,">="&K11,ПРАЗДНИКИ!$A:$A,"<="&L11),"") | N11: =IF(AND(O11<>"",P11<>""),(P11-O11+1)-COUNTIFS(ПРАЗДНИКИ!$A:$A,">="&O11,ПРАЗДНИКИ!$A:$A,"<="&P11),"") | R11: =IF(AND(S11<>"",T11<>""),(T11-S11+1)-COUNTIFS(ПРАЗДНИКИ!$A:$A,">="&S11,ПРАЗДНИКИ!$A:$A,"<="&T11),"") | V11: =IF(AND(W11<>"",X11<>""),(X11-W11+1)-COUNTIFS(ПРАЗДНИКИ!$A:$A,">="&W11,ПРАЗДНИКИ!$A:$A,"<="&X11),"") | Z11: =IF(AND(AA11<>"",AB11<>""),(AB11-AA11+1)-COUNTIFS(ПРАЗДНИКИ!$A:$A,">="&AA11,ПРАЗДНИКИ!$A:$A,"<="&AB11),"") | AD11: =IF(AND(AE11<>"",AF11<>""),(AF11-AE11+1)-COUNTIFS(ПРАЗДНИКИ!$A:$A,">="&AE11,ПРАЗДНИКИ!$A:$A,"<="&AF11),"") | AH11: =IF(AND(AI11<>"",AJ11<>""),(AJ11-AI11+1)-COUNTIFS(ПРАЗДНИКИ!$A:$A,">="&AI11,ПРАЗДНИКИ!$A:$A,"<="&AJ11),"") | AL11: =IF(AND(AM11<>"",AN11<>""),(AN11-AM11+1)-COUNTIFS(ПРАЗДНИКИ!$A:$A,">="&AM11,ПРАЗДНИКИ!$A:$A,"<="&AN11),"") | AP11: =IF(AND(AQ11<>"",AR11<>""),(AR11-AQ11+1)-COUNTIFS(ПРАЗДНИКИ!$A:$A,">="&AQ11,ПРАЗДНИКИ!$A:$A,"<="&AR11),"") | AT11: =IF(AND(AU11<>"",AV11<>""),(AV11-AU11+1)-COUNTIFS(ПРАЗДНИКИ!$A:$A,">="&AU11,ПРАЗДНИКИ!$A:$A,"<="&AV11),"") | AX11: =IF(AND(AY11<>"",AZ11<>""),(AZ11-AY11+1)-COUNTIFS(ПРАЗДНИКИ!$A:$A,">="&AY11,ПРАЗДНИКИ!$A:$A,"<="&AZ11),"") | BB11: =IF(AND(BC11<>"",BD11<>""),(BD11-BC11+1)-COUNTIFS(ПРАЗДНИКИ!$A:$A,">="&BC11,ПРАЗДНИКИ!$A:$A,"<="&BD11),"") | BF11: =IF(AND(BG11<>"",BH11<>""),(BH11-BG11+1)-COUNTIFS(ПРАЗДНИКИ!$A:$A,">="&BG11,ПРАЗДНИКИ!$A:$A,"<="&BH11),"") | BJ11: =IF(AND(BK11<>"",BL11<>""),(BL11-BK11+1)-COUNTIFS(ПРАЗДНИКИ!$A:$A,">="&BK11,ПРАЗДНИКИ!$A:$A,"<="&BL11),"") | BN11: =IF(AND(BO11<>"",BP11<>""),(BP11-BO11+1)-COUNTIFS(ПРАЗДНИКИ!$A:$A,">="&BO11,ПРАЗДНИКИ!$A:$A,"<="&BP11),"") | BR11: =IF(AND(BS11<>"",BT11<>""),(BT11-BS11+1)-COUNTIFS(ПРАЗДНИКИ!$A:$A,">="&BS11,ПРАЗДНИКИ!$A:$A,"<="&BT11),"") | BV11: =IF(AND(BW11<>"",BX11<>""),(BX11-BW11+1)-COUNTIFS(ПРАЗДНИКИ!$A:$A,">="&BW11,ПРАЗДНИКИ!$A:$A,"<="&BX11),"") | BZ11: =IF(AND(CA11<>"",CB11<>""),(CB11-CA11+1)-COUNTIFS(ПРАЗДНИКИ!$A:$A,">="&CA11,ПРАЗДНИКИ!$A:$A,"<="&CB11),"")
B12: =IF(AND(C12<>"",D12<>""),(D12-C12+1)-COUNTIFS(ПРАЗДНИКИ!$A:$A,">="&C12,ПРАЗДНИКИ!$A:$A,"<="&D12),"") | F12: =IF(AND(G12<>"",H12<>""),(H12-G12+1)-COUNTIFS(ПРАЗДНИКИ!$A:$A,">="&G12,ПРАЗДНИКИ!$A:$A,"<="&H12),"") | J12: =IF(AND(K12<>"",L12<>""),(L12-K12+1)-COUNTIFS(ПРАЗДНИКИ!$A:$A,">="&K12,ПРАЗДНИКИ!$A:$A,"<="&L12),"") | N12: =IF(AND(O12<>"",P12<>""),(P12-O12+1)-COUNTIFS(ПРАЗДНИКИ!$A:$A,">="&O12,ПРАЗДНИКИ!$A:$A,"<="&P12),"") | R12: =IF(AND(S12<>"",T12<>""),(T12-S12+1)-COUNTIFS(ПРАЗДНИКИ!$A:$A,">="&S12,ПРАЗДНИКИ!$A:$A,"<="&T12),"") | V12: =IF(AND(W12<>"",X12<>""),(X12-W12+1)-COUNTIFS(ПРАЗДНИКИ!$A:$A,">="&W12,ПРАЗДНИКИ!$A:$A,"<="&X12),"") | Z12: =IF(AND(AA12<>"",AB12<>""),(AB12-AA12+1)-COUNTIFS(ПРАЗДНИКИ!$A:$A,">="&AA12,ПРАЗДНИКИ!$A:$A,"<="&AB12),"") | AD12: =IF(AND(AE12<>"",AF12<>""),(AF12-AE12+1)-COUNTIFS(ПРАЗДНИКИ!$A:$A,">="&AE12,ПРАЗДНИКИ!$A:$A,"<="&AF12),"") | AH12: =IF(AND(AI12<>"",AJ12<>""),(AJ12-AI12+1)-COUNTIFS(ПРАЗДНИКИ!$A:$A,">="&AI12,ПРАЗДНИКИ!$A:$A,"<="&AJ12),"") | AL12: =IF(AND(AM12<>"",AN12<>""),(AN12-AM12+1)-COUNTIFS(ПРАЗДНИКИ!$A:$A,">="&AM12,ПРАЗДНИКИ!$A:$A,"<="&AN12),"") | AP12: =IF(AND(AQ12<>"",AR12<>""),(AR12-AQ12+1)-COUNTIFS(ПРАЗДНИКИ!$A:$A,">="&AQ12,ПРАЗДНИКИ!$A:$A,"<="&AR12),"") | AT12: =IF(AND(AU12<>"",AV12<>""),(AV12-AU12+1)-COUNTIFS(ПРАЗДНИКИ!$A:$A,">="&AU12,ПРАЗДНИКИ!$A:$A,"<="&AV12),"") | AX12: =IF(AND(AY12<>"",AZ12<>""),(AZ12-AY12+1)-COUNTIFS(ПРАЗДНИКИ!$A:$A,">="&AY12,ПРАЗДНИКИ!$A:$A,"<="&AZ12),"") | BB12: =IF(AND(BC12<>"",BD12<>""),(BD12-BC12+1)-COUNTIFS(ПРАЗДНИКИ!$A:$A,">="&BC12,ПРАЗДНИКИ!$A:$A,"<="&BD12),"") | BF12: =IF(AND(BG12<>"",BH12<>""),(BH12-BG12+1)-COUNTIFS(ПРАЗДНИКИ!$A:$A,">="&BG12,ПРАЗДНИКИ!$A:$A,"<="&BH12),"") | BJ12: =IF(AND(BK12<>"",BL12<>""),(BL12-BK12+1)-COUNTIFS(ПРАЗДНИКИ!$A:$A,">="&BK12,ПРАЗДНИКИ!$A:$A,"<="&BL12),"") | BN12: =IF(AND(BO12<>"",BP12<>""),(BP12-BO12+1)-COUNTIFS(ПРАЗДНИКИ!$A:$A,">="&BO12,ПРАЗДНИКИ!$A:$A,"<="&BP12),"") | BR12: =IF(AND(BS12<>"",BT12<>""),(BT12-BS12+1)-COUNTIFS(ПРАЗДНИКИ!$A:$A,">="&BS12,ПРАЗДНИКИ!$A:$A,"<="&BT12),"") | BV12: =IF(AND(BW12<>"",BX12<>""),(BX12-BW12+1)-COUNTIFS(ПРАЗДНИКИ!$A:$A,">="&BW12,ПРАЗДНИКИ!$A:$A,"<="&BX12),"") | BZ12: =IF(AND(CA12<>"",CB12<>""),(CB12-CA12+1)-COUNTIFS(ПРАЗДНИКИ!$A:$A,">="&CA12,ПРАЗДНИКИ!$A:$A,"<="&CB12),"")
B13: =IF(AND(C13<>"",D13<>""),(D13-C13+1)-COUNTIFS(ПРАЗДНИКИ!$A:$A,">="&C13,ПРАЗДНИКИ!$A:$A,"<="&D13),"") | F13: =IF(AND(G13<>"",H13<>""),(H13-G13+1)-COUNTIFS(ПРАЗДНИКИ!$A:$A,">="&G13,ПРАЗДНИКИ!$A:$A,"<="&H13),"") | J13: =IF(AND(K13<>"",L13<>""),(L13-K13+1)-COUNTIFS(ПРАЗДНИКИ!$A:$A,">="&K13,ПРАЗДНИКИ!$A:$A,"<="&L13),"") | N13: =IF(AND(O13<>"",P13<>""),(P13-O13+1)-COUNTIFS(ПРАЗДНИКИ!$A:$A,">="&O13,ПРАЗДНИКИ!$A:$A,"<="&P13),"") | R13: =IF(AND(S13<>"",T13<>""),(T13-S13+1)-COUNTIFS(ПРАЗДНИКИ!$A:$A,">="&S13,ПРАЗДНИКИ!$A:$A,"<="&T13),"") | V13: =IF(AND(W13<>"",X13<>""),(X13-W13+1)-COUNTIFS(ПРАЗДНИКИ!$A:$A,">="&W13,ПРАЗДНИКИ!$A:$A,"<="&X13),"") | Z13: =IF(AND(AA13<>"",AB13<>""),(AB13-AA13+1)-COUNTIFS(ПРАЗДНИКИ!$A:$A,">="&AA13,ПРАЗДНИКИ!$A:$A,"<="&AB13),"") | AD13: =IF(AND(AE13<>"",AF13<>""),(AF13-AE13+1)-COUNTIFS(ПРАЗДНИКИ!$A:$A,">="&AE13,ПРАЗДНИКИ!$A:$A,"<="&AF13),"") | AH13: =IF(AND(AI13<>"",AJ13<>""),(AJ13-AI13+1)-COUNTIFS(ПРАЗДНИКИ!$A:$A,">="&AI13,ПРАЗДНИКИ!$A:$A,"<="&AJ13),"") | AL13: =IF(AND(AM13<>"",AN13<>""),(AN13-AM13+1)-COUNTIFS(ПРАЗДНИКИ!$A:$A,">="&AM13,ПРАЗДНИКИ!$A:$A,"<="&AN13),"") | AP13: =IF(AND(AQ13<>"",AR13<>""),(AR13-AQ13+1)-COUNTIFS(ПРАЗДНИКИ!$A:$A,">="&AQ13,ПРАЗДНИКИ!$A:$A,"<="&AR13),"") | AT13: =IF(AND(AU13<>"",AV13<>""),(AV13-AU13+1)-COUNTIFS(ПРАЗДНИКИ!$A:$A,">="&AU13,ПРАЗДНИКИ!$A:$A,"<="&AV13),"") | AX13: =IF(AND(AY13<>"",AZ13<>""),(AZ13-AY13+1)-COUNTIFS(ПРАЗДНИКИ!$A:$A,">="&AY13,ПРАЗДНИКИ!$A:$A,"<="&AZ13),"") | BB13: =IF(AND(BC13<>"",BD13<>""),(BD13-BC13+1)-COUNTIFS(ПРАЗДНИКИ!$A:$A,">="&BC13,ПРАЗДНИКИ!$A:$A,"<="&BD13),"") | BF13: =IF(AND(BG13<>"",BH13<>""),(BH13-BG13+1)-COUNTIFS(ПРАЗДНИКИ!$A:$A,">="&BG13,ПРАЗДНИКИ!$A:$A,"<="&BH13),"") | BJ13: =IF(AND(BK13<>"",BL13<>""),(BL13-BK13+1)-COUNTIFS(ПРАЗДНИКИ!$A:$A,">="&BK13,ПРАЗДНИКИ!$A:$A,"<="&BL13),"") | BN13: =IF(AND(BO13<>"",BP13<>""),(BP13-BO13+1)-COUNTIFS(ПРАЗДНИКИ!$A:$A,">="&BO13,ПРАЗДНИКИ!$A:$A,"<="&BP13),"") | BR13: =IF(AND(BS13<>"",BT13<>""),(BT13-BS13+1)-COUNTIFS(ПРАЗДНИКИ!$A:$A,">="&BS13,ПРАЗДНИКИ!$A:$A,"<="&BT13),"") | BV13: =IF(AND(BW13<>"",BX13<>""),(BX13-BW13+1)-COUNTIFS(ПРАЗДНИКИ!$A:$A,">="&BW13,ПРАЗДНИКИ!$A:$A,"<="&BX13),"") | BZ13: =IF(AND(CA13<>"",CB13<>""),(CB13-CA13+1)-COUNTIFS(ПРАЗДНИКИ!$A:$A,">="&CA13,ПРАЗДНИКИ!$A:$A,"<="&CB13),"")
A14: ... | B14: ... | C14: ... | D14: ... | E14: ... | F14: ... | G14: ... | H14: ... | I14: ... | J14: ... | K14: ... | L14: ... | M14: ... | N14: ... | O14: ... | P14: ... | Q14: ... | R14: ... | S14: ... | T14: ... | U14: ... | V14: ... | W14: ... | X14: ... | Y14: ... | Z14: ... | AA14: ... | AB14: ... | AC14: ... | AD14: ... | AE14: ... | AF14: ... | AG14: ... | AH14: ... | AI14: ... | AJ14: ... | AK14: ... | AL14: ... | AM14: ... | AN14: ... | AO14: ... | AP14: ... | AQ14: ... | AR14: ... | AS14: ... | AT14: ... | AU14: ... | AV14: ... | AW14: ... | AX14: ... | AY14: ... | AZ14: ... | BA14: ... | BB14: ... | BC14: ... | BD14: ... | BE14: ... | BF14: ... | BG14: ... | BH14: ... | BI14: ... | BJ14: ... | BK14: ... | BL14: ... | BM14: ... | BN14: ... | BO14: ... | BP14: ... | BQ14: ... | BR14: ... | BS14: ... | BT14: ... | BU14: ... | BV14: ... | BW14: ... | BX14: ... | BY14: ... | BZ14: ... | CA14: ... | CB14: ...

Sheet ГРАФИК
C1: ЯНВ | AH1: ФЕВ | BJ1: МАР | CO1: АПР | DS1: МАЙ | EX1: ИЮН | GB1: ИЮЛ | HG1: АВГ | IL1: СЕН | JP1: ОКТ | KU1: НОЯ | LY1: ДЕК
C2: 1 | D2: 2 | E2: 3 | F2: 4 | G2: 5 | H2: 6 | I2: 7 | J2: 8 | K2: 9 | L2: 10 | M2: 11 | N2: 12 | O2: 13 | P2: 14 | Q2: 15 | R2: 16 | S2: 17 | T2: 18 | U2: 19 | V2: 20 | W2: 21 | X2: 22 | Y2: 23 | Z2: 24 | AA2: 25 | AB2: 26 | AC2: 27 | AD2: 28 | AE2: 29 | AF2: 30 | AG2: 31 | AH2: 1 | AI2: 2 | AJ2: 3 | AK2: 4 | AL2: 5 | AM2: 6 | AN2: 7 | AO2: 8 | AP2: 9 | AQ2: 10 | AR2: 11 | AS2: 12 | AT2: 13 | AU2: 14 | AV2: 15 | AW2: 16 | AX2: 17 | AY2: 18 | AZ2: 19 | BA2: 20 | BB2: 21 | BC2: 22 | BD2: 23 | BE2: 24 | BF2: 25 | BG2: 26 | BH2: 27 | BI2: 28 | BJ2: 1 | BK2: 2 | BL2: 3 | BM2: 4 | BN2: 5 | BO2: 6 | BP2: 7 | BQ2: 8 | BR2: 9 | BS2: 10 | BT2: 11 | BU2: 12 | BV2: 13 | BW2: 14 | BX2: 15 | BY2: 16 | BZ2: 17 | CA2: 18 | CB2: 19 | CC2: 20 | CD2: 21 | CE2: 22 | CF2: 23 | CG2: 24 | CH2: 25 | CI2: 26 | CJ2: 27 | CK2: 28 | CL2: 29 | CM2: 30 | CN2: 31 | CO2: 1 | CP2: 2 | CQ2: 3 | CR2: 4 | CS2: 5 | CT2: 6 | CU2: 7 | CV2: 8 | CW2: 9 | CX2: 10 | CY2: 11 | CZ2: 12 | DA2: 13 | DB2: 14 | DC2: 15 | DD2: 16 | DE2: 17 | DF2: 18 | DG2: 19 | DH2: 20 | DI2: 21 | DJ2: 22 | DK2: 23 | DL2: 24 | DM2: 25 | DN2: 26 | DO2: 27 | DP2: 28 | DQ2: 29 | DR2: 30 | DS2: 1 | DT2: 2 | DU2: 3 | DV2: 4 | DW2: 5 | DX2: 6 | DY2: 7 | DZ2: 8 | EA2: 9 | EB2: 10 | EC2: 11 | ED2: 12 | EE2: 13 | EF2: 14 | EG2: 15 | EH2: 16 | EI2: 17 | EJ2: 18 | EK2: 19 | EL2: 20 | EM2: 21 | EN2: 22 | EO2: 23 | EP2: 24 | EQ2: 25 | ER2: 26 | ES2: 27 | ET2: 28 | EU2: 29 | EV2: 30 | EW2: 31 | EX2: 1 | EY2: 2 | EZ2: 3 | FA2: 4 | FB2: 5 | FC2: 6 | FD2: 7 | FE2: 8 | FF2: 9 | FG2: 10 | FH2: 11 | FI2: 12 | FJ2: 13 | FK2: 14 | FL2: 15 | FM2: 16 | FN2: 17 | FO2: 18 | FP2: 19 | FQ2: 20 | FR2: 21 | FS2: 22 | FT2: 23 | FU2: 24 | FV2: 25 | FW2: 26 | FX2: 27 | FY2: 28 | FZ2: 29 | GA2: 30 | GB2: 1 | GC2: 2 | GD2: 3 | GE2: 4 | GF2: 5 | GG2: 6 | GH2: 7 | GI2: 8 | GJ2: 9 | GK2: 10 | GL2: 11 | GM2: 12 | GN2: 13 | GO2: 14 | GP2: 15 | GQ2: 16 | GR2: 17 | GS2: 18 | GT2: 19 | GU2: 20 | GV2: 21 | GW2: 22 | GX2: 23 | GY2: 24 | GZ2: 25 | HA2: 26 | HB2: 27 | HC2: 28 | HD2: 29 | HE2: 30 | HF2: 31 | HG2: 1 | HH2: 2 | HI2: 3 | HJ2: 4 | HK2: 5 | HL2: 6 | HM2: 7 | HN2: 8 | HO2: 9 | HP2: 10 | HQ2: 11 | HR2: 12 | HS2: 13 | HT2: 14 | HU2: 15 | HV2: 16 | HW2: 17 | HX2: 18 | HY2: 19 | HZ2: 20 | IA2: 21 | IB2: 22 | IC2: 23 | ID2: 24 | IE2: 25 | IF2: 26 | IG2: 27 | IH2: 28 | II2: 29 | IJ2: 30 | IK2: 31 | IL2: 1 | IM2: 2 | IN2: 3 | IO2: 4 | IP2: 5 | IQ2: 6 | IR2: 7 | IS2: 8 | IT2: 9 | IU2: 10 | IV2: 11 | IW2: 12 | IX2: 13 | IY2: 14 | IZ2: 15 | JA2: 16 | JB2: 17 | JC2: 18 | JD2: 19 | JE2: 20 | JF2: 21 | JG2: 22 | JH2: 23 | JI2: 24 | JJ2: 25 | JK2: 26 | JL2: 27 | JM2: 28 | JN2: 29 | JO2: 30 | JP2: 1 | JQ2: 2 | JR2: 3 | JS2: 4 | JT2: 5 | JU2: 6 | JV2: 7 | JW2: 8 | JX2: 9 | JY2: 10 | JZ2: 11 | KA2: 12 | KB2: 13 | KC2: 14 | KD2: 15 | KE2: 16 | KF2: 17 | KG2: 18 | KH2: 19 | KI2: 20 | KJ2: 21 | KK2: 22 | KL2: 23 | KM2: 24 | KN2: 25 | KO2: 26 | KP2: 27 | KQ2: 28 | KR2: 29 | KS2: 30 | KT2: 31 | KU2: 1 | KV2: 2 | KW2: 3 | KX2: 4 | KY2: 5 | KZ2: 6 | LA2: 7 | LB2: 8 | LC2: 9 | LD2: 10 | LE2: 11 | LF2: 12 | LG2: 13 | LH2: 14 | LI2: 15 | LJ2: 16 | LK2: 17 | LL2: 18 | LM2: 19 | LN2: 20 | LO2: 21 | LP2: 22 | LQ2: 23 | LR2: 24 | LS2: 25 | LT2: 26 | LU2: 27 | LV2: 28 | LW2: 29 | LX2: 30 | LY2: 1 | LZ2: 2 | MA2: 3 | MB2: 4 | MC2: 5 | MD2: 6 | ME2: 7 | MF2: 8 | MG2: 9 | MH2: 10 | MI2: 11 | MJ2: 12 | MK2: 13 | ML2: 14 | MM2: 15 | MN2: 16 | MO2: 17 | MP2: 18 | MQ2: 19 | MR2: 20 | MS2: 21 | MT2: 22 | MU2: 23 | MV2: 24 | MW2: 25 | MX2: 26 | MY2: 27 | MZ2: 28 | NA2: 29 | NB2: 30 | NC2: 31
C3: Чт ✶ | D3: Пт ✶ | E3: Сб ✶ | F3: Вс ✶ | G3: Пн ✶ | H3: Вт ✶ | I3: Ср ✶ | J3: Чт ✶ | K3: Пт ✶ | L3: Сб | M3: Вс | N3: Пн | O3: Вт | P3: Ср | Q3: Чт | R3: Пт | S3: Сб | T3: Вс | U3: Пн | V3: Вт | W3: Ср | X3: Чт | Y3: Пт | Z3: Сб | AA3: Вс | AB3: Пн | AC3: Вт | AD3: Ср | AE3: Чт | AF3: Пт | AG3: Сб | AH3: Вс | AI3: Пн | AJ3: Вт | AK3: Ср | AL3: Чт | AM3: Пт | AN3: Сб | AO3: Вс | AP3: Пн | AQ3: Вт | AR3: Ср | AS3: Чт | AT3: Пт | AU3: Сб | AV3: Вс | AW3: Пн | AX3: Вт | AY3: Ср | AZ3: Чт | BA3: Пт ● | BB3: Сб | BC3: Вс | BD3: Пн ✶ | BE3: Вт | BF3: Ср | BG3: Чт | BH3: Пт | BI3: Сб | BJ3: Вс | BK3: Пн | BL3: Вт | BM3: Ср | BN3: Чт | BO3: Пт | BP3: Сб | BQ3: Вс ✶ | BR3: Пн ✶ | BS3: Вт | BT3: Ср | BU3: Чт | BV3: Пт | BW3: Сб | BX3: Вс | BY3: Пн | BZ3: Вт | CA3: Ср | CB3: Чт | CC3: Пт | CD3: Сб | CE3: Вс | CF3: Пн | CG3: Вт | CH3: Ср | CI3: Чт | CJ3: Пт | CK3: Сб | CL3: Вс | CM3: Пн | CN3: Вт | CO3: Ср | CP3: Чт | CQ3: Пт | CR3: Сб | CS3: Вс | CT3: Пн | CU3: Вт | CV3: Ср | CW3: Чт | CX3: Пт | CY3: Сб | CZ3: Вс | DA3: Пн | DB3: Вт | DC3: Ср | DD3: Чт | DE3: Пт | DF3: Сб | DG3: Вс | DH3: Пн | DI3: Вт | DJ3: Ср | DK3: Чт | DL3: Пт | DM3: Сб | DN3: Вс | DO3: Пн | DP3: Вт | DQ3: Ср | DR3: Чт ● | DS3: Пт ✶ | DT3: Сб | DU3: Вс | DV3: Пн | DW3: Вт | DX3: Ср | DY3: Чт | DZ3: Пт ● | EA3: Сб ✶ | EB3: Вс | EC3: Пн ✶ | ED3: Вт | EE3: Ср | EF3: Чт | EG3: Пт | EH3: Сб | EI3: Вс | EJ3: Пн | EK3: Вт | EL3: Ср | EM3: Чт | EN3: Пт | EO3: Сб | EP3: Вс | EQ3: Пн | ER3: Вт | ES3: Ср | ET3: Чт | EU3: Пт | EV3: Сб | EW3: Вс | EX3: Пн | EY3: Вт | EZ3: Ср | FA3: Чт | FB3: Пт | FC3: Сб | FD3: Вс | FE3: Пн | FF3: Вт | FG3: Ср | FH3: Чт ● | FI3: Пт ✶ | FJ3: Сб | FK3: Вс | FL3: Пн | FM3: Вт | FN3: Ср | FO3: Чт | FP3: Пт | FQ3: Сб | FR3: Вс | FS3: Пн | FT3: Вт | FU3: Ср | FV3: Чт | FW3: Пт | FX3: Сб | FY3: Вс | FZ3: Пн | GA3: Вт | GB3: Ср | GC3: Чт | GD3: Пт | GE3: Сб | GF3: Вс | GG3: Пн | GH3: Вт | GI3: Ср | GJ3: Чт | GK3: Пт | GL3: Сб | GM3: Вс | GN3: Пн | GO3: Вт | GP3: Ср | GQ3: Чт | GR3: Пт | GS3: Сб | GT3: Вс | GU3: Пн | GV3: Вт | GW3: Ср | GX3: Чт | GY3: Пт | GZ3: Сб | HA3: Вс | HB3: Пн | HC3: Вт | HD3: Ср | HE3: Чт | HF3: Пт | HG3: Сб | HH3: Вс | HI3: Пн | HJ3: Вт | HK3: Ср | HL3: Чт | HM3: Пт | HN3: Сб | HO3: Вс | HP3: Пн | HQ3: Вт | HR3: Ср | HS3: Чт | HT3: Пт | HU3: Сб | HV3: Вс | HW3: Пн | HX3: Вт | HY3: Ср | HZ3: Чт | IA3: Пт | IB3: Сб | IC3: Вс | ID3: Пн | IE3: Вт | IF3: Ср | IG3: Чт | IH3: Пт | II3: Сб | IJ3: Вс | IK3: Пн | IL3: Вт | IM3: Ср | IN3: Чт | IO3: Пт | IP3: Сб | IQ3: Вс | IR3: Пн | IS3: Вт | IT3: Ср | IU3: Чт | IV3: Пт | IW3: Сб | IX3: Вс | IY3: Пн | IZ3: Вт | JA3: Ср | JB3: Чт | JC3: Пт | JD3: Сб | JE3: Вс | JF3: Пн | JG3: Вт | JH3: Ср | JI3: Чт | JJ3: Пт | JK3: Сб | JL3: Вс | JM3: Пн | JN3: Вт | JO3: Ср | JP3: Чт | JQ3: Пт | JR3: Сб | JS3: Вс | JT3: Пн | JU3: Вт | JV3: Ср | JW3: Чт | JX3: Пт | JY3: Сб | JZ3: Вс | KA3: Пн | KB3: Вт | KC3: Ср | KD3: Чт | KE3: Пт | KF3: Сб | KG3: Вс | KH3: Пн | KI3: Вт | KJ3: Ср | KK3: Чт | KL3: Пт | KM3: Сб | KN3: Вс | KO3: Пн | KP3: Вт | KQ3: Ср | KR3: Чт | KS3: Пт | KT3: Сб | KU3: Вс | KV3: Пн | KW3: Вт ● | KX3: Ср ✶ | KY3: Чт | KZ3: Пт | LA3: Сб | LB3: Вс | LC3: Пн | LD3: Вт | LE3: Ср | LF3: Чт | LG3: Пт | LH3: Сб | LI3: Вс | LJ3: Пн | LK3: Вт | LL3: Ср | LM3: Чт | LN3: Пт | LO3: Сб | LP3: Вс | LQ3: Пн | LR3: Вт | LS3: Ср | LT3: Чт | LU3: Пт | LV3: Сб | LW3: Вс | LX3: Пн | LY3: Вт | LZ3: Ср | MA3: Чт | MB3: Пт | MC3: Сб | MD3: Вс | ME3: Пн | MF3: Вт | MG3: Ср | MH3: Чт | MI3: Пт | MJ3: Сб | MK3: Вс | ML3: Пн | MM3: Вт | MN3: Ср | MO3: Чт | MP3: Пт | MQ3: Сб | MR3: Вс | MS3: Пн | MT3: Вт | MU3: Ср | MV3: Чт | MW3: Пт | MX3: Сб | MY3: Вс | MZ3: Пн | NA3: Вт | NB3: Ср | NC3: Чт ✶
A4: № | B4: ФИО СОТРУДНИКА
A5: 1
A6: 2
A7: 3
A8: 4
A9: 5
A10: 6
A11: 7
A12: 8
A13: 9
A14: 10
A15: 11
A16: 12
... A24: 20
A26: График отпусков цукен на 2026 год

Sheet ДАТЫ
C1: 46023 | D1: 46024 | E1: 46025 | F1: 46026 | G1: 46027 | H1: 46028 | I1: 46029 | J1: 46030 | K1: 46031 | L1: 46032 | M1: 46033 | N1: 46034 | O1: 46035 | P1: 46036 | Q1: 46037 | R1: 46038 | S1: 46039 | T1: 46040 | U1: 46041 | V1: 46042 | W1: 46043 | X1: 46044 | Y1: 46045 | Z1: 46046 | AA1: 46047 | AB1: 46048 | AC1: 46049 | AD1: 46050 | AE1: 46051 | AF1: 46052 | AG1: 46053 | AH1: 46054 | AI1: 46055 | AJ1: 46056 | AK1: 46057 | AL1: 46058 | AM1: 46059 | AN1: 46060 | AO1: 46061 | AP1: 46062 | AQ1: 46063 | AR1: 46064 | AS1: 46065 | AT1: 46066 | AU1: 46067 | AV1: 46068 | AW1: 46069 | AX1: 46070 | AY1: 46071 | AZ1: 46072 | BA1: 46073 | BB1: 46074 | BC1: 46075 | BD1: 46076 | BE1: 46077 | BF1: 46078 | BG1: 46079 | BH1: 46080 | BI1: 46081 | BJ1: 46082 | BK1: 46083 | BL1: 46084 | BM1: 46085 | BN1: 46086 | BO1: 46087 | BP1: 46088 | BQ1: 46089 | BR1: 46090 | BS1: 46091 | BT1: 46092 | BU1: 46093 | BV1: 46094 | BW1: 46095 | BX1: 46096 | BY1: 46097 | BZ1: 46098 | CA1: 46099 | CB1: 46100 | CC1: 46101 | CD1: 46102 | CE1: 46103 | CF1: 46104 | CG1: 46105 | CH1: 46106 | CI1: 46107 | CJ1: 46108 | CK1: 46109 | CL1: 46110 | CM1: 46111 | CN1: 46112 | CO1: 46113 | CP1: 46114 | CQ1: 46115 | CR1: 46116 | CS1: 46117 | CT1: 46118 | CU1: 46119 | CV1: 46120 | CW1: 46121 | CX1: 46122 | CY1: 46123 | CZ1: 46124 | DA1: 46125 | DB1: 46126 | DC1: 46127 | DD1: 46128 | DE1: 46129 | DF1: 46130 | DG1: 46131 | DH1: 46132 | DI1: 46133 | DJ1: 46134 | DK1: 46135 | DL1: 46136 | DM1: 46137 | DN1: 46138 | DO1: 46139 | DP1: 46140 | DQ1: 46141 | DR1: 46142 | DS1: 46143 | DT1: 46144 | DU1: 46145 | DV1: 46146 | DW1: 46147 | DX1: 46148 | DY1: 46149 | DZ1: 46150 | EA1: 46151 | EB1: 46152 | EC1: 46153 | ED1: 46154 | EE1: 46155 | EF1: 46156 | EG1: 46157 | EH1: 46158 | EI1: 46159 | EJ1: 46160 | EK1: 46161 | EL1: 46162 | EM1: 46163 | EN1: 46164 | EO1: 46165 | EP1: 46166 | EQ1: 46167 | ER1: 46168 | ES1: 46169 | ET1: 46170 | EU1: 46171 | EV1: 46172 | EW1: 46173 | EX1: 46174 | EY1: 46175 | EZ1: 46176 | FA1: 46177 | FB1: 46178 | FC1: 46179 | FD1: 46180 | FE1: 46181 | FF1: 46182 | FG1: 46183 | FH1: 46184 | FI1: 46185 | FJ1: 46186 | FK1: 46187 | FL1: 46188 | FM1: 46189 | FN1: 46190 | FO1: 46191 | FP1: 46192 | FQ1: 46193 | FR1: 46194 | FS1: 46195 | FT1: 46196 | FU1: 46197 | FV1: 46198 | FW1: 46199 | FX1: 46200 | FY1: 46201 | FZ1: 46202 | GA1: 46203 | GB1: 46204 | GC1: 46205 | GD1: 46206 | GE1: 46207 | GF1: 46208 | GG1: 46209 | GH1: 46210 | GI1: 46211 | GJ1: 46212 | GK1: 46213 | GL1: 46214 | GM1: 46215 | GN1: 46216 | GO1: 46217 | GP1: 46218 | GQ1: 46219 | GR1: 46220 | GS1: 46221 | GT1: 46222 | GU1: 46223 | GV1: 46224 | GW1: 46225 | GX1: 46226 | GY1: 46227 | GZ1: 46228 | HA1: 46229 | HB1: 46230 | HC1: 46231 | HD1: 46232 | HE1: 46233 | HF1: 46234 | HG1: 46235 | HH1: 46236 | HI1: 46237 | HJ1: 46238 | HK1: 46239 | HL1: 46240 | HM1: 46241 | HN1: 46242 | HO1: 46243 | HP1: 46244 | HQ1: 46245 | HR1: 46246 | HS1: 46247 | HT1: 46248 | HU1: 46249 | HV1: 46250 | HW1: 46251 | HX1: 46252 | HY1: 46253 | HZ1: 46254 | IA1: 46255 | IB1: 46256 | IC1: 46257 | ID1: 46258 | IE1: 46259 | IF1: 46260 | IG1: 46261 | IH1: 46262 | II1: 46263 | IJ1: 46264 | IK1: 46265 | IL1: 46266 | IM1: 46267 | IN1: 46268 | IO1: 46269 | IP1: 46270 | IQ1: 46271 | IR1: 46272 | IS1: 46273 | IT1: 46274 | IU1: 46275 | IV1: 46276 | IW1: 46277 | IX1: 46278 | IY1: 46279 | IZ1: 46280 | JA1: 46281 | JB1: 46282 | JC1: 46283 | JD1: 46284 | JE1: 46285 | JF1: 46286 | JG1: 46287 | JH1: 46288 | JI1: 46289 | JJ1: 46290 | JK1: 46291 | JL1: 46292 | JM1: 46293 | JN1: 46294 | JO1: 46295 | JP1: 46296 | JQ1: 46297 | JR1: 46298 | JS1: 46299 | JT1: 46300 | JU1: 46301 | JV1: 46302 | JW1: 46303 | JX1: 46304 | JY1: 46305 | JZ1: 46306 | KA1: 46307 | KB1: 46308 | KC1: 46309 | KD1: 46310 | KE1: 46311 | KF1: 46312 | KG1: 46313 | KH1: 46314 | KI1: 46315 | KJ1: 46316 | KK1: 46317 | KL1: 46318 | KM1: 46319 | KN1: 46320 | KO1: 46321 | KP1: 46322 | KQ1: 46323 | KR1: 46324 | KS1: 46325 | KT1: 46326 | KU1: 46327 | KV1: 46328 | KW1: 46329 | KX1: 46330 | KY1: 46331 | KZ1: 46332 | LA1: 46333 | LB1: 46334 | LC1: 46335 | LD1: 46336 | LE1: 46337 | LF1: 46338 | LG1: 46339 | LH1: 46340 | LI1: 46341 | LJ1: 46342 | LK1: 46343 | LL1: 46344 | LM1: 46345 | LN1: 46346 | LO1: 46347 | LP1: 46348 | LQ1: 46349 | LR1: 46350 | LS1: 46351 | LT1: 46352 | LU1: 46353 | LV1: 46354 | LW1: 46355 | LX1: 46356 | LY1: 46357 | LZ1: 46358 | MA1: 46359 | MB1: 46360 | MC1: 46361 | MD1: 46362 | ME1: 46363 | MF1: 46364 | MG1: 46365 | MH1: 46366 | MI1: 46367 | MJ1: 46368 | MK1: 46369 | ML1: 46370 | MM1: 46371 | MN1: 46372 | MO1: 46373 | MP1: 46374 | MQ1: 46375 | MR1: 46376 | MS1: 46377 | MT1: 46378 | MU1: 46379 | MV1: 46380 | MW1: 46381 | MX1: 46382 | MY1: 46383 | MZ1: 46384 | NA1: 46385 | NB1: 46386 | NC1: 46387

Sheet ПРАЗДНИКИ
A1: ПРАЗДНИЧНЫЕ ДНИ 2026
A2: Дата | B2: Описание
A3: 46023 | B3: Новый год
A4: 46024 | B4: Новогодние каникулы
A5: 46025 | B5: Новогодние каникулы
A6: 46026 | B6: Новогодние каникулы
A7: 46027 | B7: Новогодние каникулы
A8: 46028 | B8: Новогодние каникулы
A9: 46029 | B9: Рождество Христово
A10: 46030 | B10: Новогодние каникулы
A11: 46031 | B11: Перенос с 3 января
A12: 46076 | B12: День защитника Отечества
A13: 46089 | B13: Международный женский день
A14: 46090 | B14: Перенос с 8 марта
... A20: 46387 | B20: Перенос с 4 января

Sheet ЛЕГЕНДА
A1: ЛЕГЕНДА ГРАФИКА ОТПУСКОВ
A3: Обозначение | B3: Тип дня | C3: Описание
A4: ✶ | B4: Праздник/Выходной | C4: Нерабочий праздничный или дополнительный выходной день
A5: ● | B5: Сокращенный | C5: Предпраздничный рабочий день (короче на 1 час)
A6: О | B6: Отпуск | C6: День отпуска сотрудника
B7: Выходной | C7: Суббота, воскресенье
B8: Рабочий | C8: Обычный рабочий день

Sheet ИНСТРУКЦИЯ
A1: ИНСТРУКЦИЯ ПО РАБОТЕ С ГРАФИКОМ ОТПУСКОВ
A3: ОСНОВНЫЕ ФУНКЦИИ:
A4: • Праздничные дни в периоде отпуска отмечаются буквой 'О'
A5: • Праздничные дни исключаются из расчета количества дней отпуска
A6: • Оптимизированная скорость работы при пустых ФИО сотрудников
A8: ШАГ 1: УСТАНОВКА МАКРОСА
A9: 1. Откройте файл в Microsoft Excel
A10: 2. Нажмите Alt+F11 для открытия редактора VBA
A11: 3. В меню выберите Insert → Module
A12: 4. Скопируйте код из файла vacation_macro.txt в новый модуль
A13: 5. Закройте редактор VBA (Alt+Q)
A15: ШАГ 2: ЗАПОЛНЕНИЕ ДАННЫХ
... A29: • Работает быстро даже с неполным списком сотрудников
