Workbook

Sheet СОТРУДНИКИ
A1: № | B1: ФАМИЛИЯ ИМЯ ОТЧЕСТВО | C1: ОТПУСК 1 | F1: ОТПУСК 2 | I1: ОТПУСК 3
C2: Начало | D2: Конец | E2: Дней | F2: Начало | G2: Конец | H2: Дней | I2: Начало | J2: Конец | K2: Дней
A3: 1 | B3: ИВАНОВ ИВАН ИВАНОВИЧ | C3: 46032 | D3: 46042 | E3: =IF(AND(C3<>"",D3<>""),D3-C3+1,"") -> 11 | F3: 46218 | G3: 46235 | H3: =IF(AND(F3<>"",G3<>""),G3-F3+1,"") -> 18 | K3: =IF(AND(I3<>"",J3<>""),J3-I3+1,"")
A4: 2 | B4: ПЕТРОВ ПЕТР ПЕТРОВИЧ | C4: 46068 | D4: 46078 | E4: =IF(AND(C4<>"",D4<>""),D4-C4+1,"") -> 11 | F4: 46266 | G4: 46279 | H4: =IF(AND(F4<>"",G4<>""),G4-F4+1,"") -> 14 | K4: =IF(AND(I4<>"",J4<>""),J4-I4+1,"")
A5: 3 | B5: СИДОРОВА МАРИЯ ВЛАДИМИРОВНА | C5: 46082 | D5: 46095 | E5: =IF(AND(C5<>"",D5<>""),D5-C5+1,"") -> 14 | F5: 46305 | G5: 46315 | H5: =IF(AND(F5<>"",G5<>""),G5-F5+1,"") -> 11 | K5: =IF(AND(I5<>"",J5<>""),J5-I5+1,"")
A6: 4 | B6: КОЗЛОВ АЛЕКСЕЙ НИКОЛАЕВИЧ | C6: 46113 | D6: 46122 | E6: =IF(AND(C6<>"",D6<>""),D6-C6+1,"") -> 10 | F6: 46327 | G6: 46336 | H6: =IF(AND(F6<>"",G6<>""),G6-F6+1,"") -> 10 | K6: =IF(AND(I6<>"",J6<>""),J6-I6+1,"")
A7: 5 | B7: МОРОЗОВА ЕЛЕНА СЕРГЕЕВНА | C7: 46152 | D7: 46166 | E7: =IF(AND(C7<>"",D7<>""),D7-C7+1,"") -> 15 | F7: 46371 | G7: 46387 | H7: =IF(AND(F7<>"",G7<>""),G7-F7+1,"") -> 17 | K7: =IF(AND(I7<>"",J7<>""),J7-I7+1,"")
A8: 6 | B8: НИКОЛАЕВ АНДРЕЙ ВИКТОРОВИЧ | C8: 46174 | D8: 46187 | E8: =IF(AND(C8<>"",D8<>""),D8-C8+1,"") -> 14 | H8: =IF(AND(F8<>"",G8<>""),G8-F8+1,"") | K8: =IF(AND(I8<>"",J8<>""),J8-I8+1,"")
A9: 7 | B9: ОРЛОВА ОЛЬГА ИГОРЕВНА | C9: 46204 | D9: 46213 | E9: =IF(AND(C9<>"",D9<>""),D9-C9+1,"") -> 10 | H9: =IF(AND(F9<>"",G9<>""),G9-F9+1,"") | K9: =IF(AND(I9<>"",J9<>""),J9-I9+1,"")
A10: 8 | B10: ВОЛКОВ ДМИТРИЙ АЛЕКСАНДРОВИЧ | C10: 46249 | D10: 46265 | E10: =IF(AND(C10<>"",D10<>""),D10-C10+1,"") -> 17 | H10: =IF(AND(F10<>"",G10<>""),G10-F10+1,"") | K10: =IF(AND(I10<>"",J10<>""),J10-I10+1,"")
A11: ИТОГО дней отпуска: | E11: =SUM(E3:E10,H3:H10,K3:K10) -> 172

Sheet ГРАФИК ОТПУСКОВ
A1: № | B1: ФИО СОТРУДНИКА | C1: ЯНВ | AH1: ФЕВ | BJ1: МАР | CO1: АПР | DS1: МАЙ | EX1: ИЮН | GB1: ИЮЛ | HG1: АВГ | IL1: СЕН | JP1: ОКТ | KU1: НОЯ | LY1: ДЕК
C2: 46023 | D2: 46024 | E2: 46025 | F2: 46026 | G2: 46027 | H2: 46028 | I2: 46029 | J2: 46030 | K2: 46031 | L2: 46032 | M2: 46033 | N2: 46034 | O2: 46035 | P2: 46036 | Q2: 46037 | R2: 46038 | S2: 46039 | T2: 46040 | U2: 46041 | V2: 46042 | W2: 46043 | X2: 46044 | Y2: 46045 | Z2: 46046 | AA2: 46047 | AB2: 46048 | AC2: 46049 | AD2: 46050 | AE2: 46051 | AF2: 46052 | AG2: 46053 | AH2: 46054 | AI2: 46055 | AJ2: 46056 | AK2: 46057 | AL2: 46058 | AM2: 46059 | AN2: 46060 | AO2: 46061 | AP2: 46062 | AQ2: 46063 | AR2: 46064 | AS2: 46065 | AT2: 46066 | AU2: 46067 | AV2: 46068 | AW2: 46069 | AX2: 46070 | AY2: 46071 | AZ2: 46072 | BA2: 46073 | BB2: 46074 | BC2: 46075 | BD2: 46076 | BE2: 46077 | BF2: 46078 | BG2: 46079 | BH2: 46080 | BI2: 46081 | BJ2: 46082 | BK2: 46083 | BL2: 46084 | BM2: 46085 | BN2: 46086 | BO2: 46087 | BP2: 46088 | BQ2: 46089 | BR2: 46090 | BS2: 46091 | BT2: 46092 | BU2: 46093 | BV2: 46094 | BW2: 46095 | BX2: 46096 | BY2: 46097 | BZ2: 46098 | CA2: 46099 | CB2: 46100 | CC2: 46101 | CD2: 46102 | CE2: 46103 | CF2: 46104 | CG2: 46105 | CH2: 46106 | CI2: 46107 | CJ2: 46108 | CK2: 46109 | CL2: 46110 | CM2: 46111 | CN2: 46112 | CO2: 46113 | CP2: 46114 | CQ2: 46115 | CR2: 46116 | CS2: 46117 | CT2: 46118 | CU2: 46119 | CV2: 46120 | CW2: 46121 | CX2: 46122 | CY2: 46123 | CZ2: 46124 | DA2: 46125 | DB2: 46126 | DC2: 46127 | DD2: 46128 | DE2: 46129 | DF2: 46130 | DG2: 46131 | DH2: 46132 | DI2: 46133 | DJ2: 46134 | DK2: 46135 | DL2: 46136 | DM2: 46137 | DN2: 46138 | DO2: 46139 | DP2: 46140 | DQ2: 46141 | DR2: 46142 | DS2: 46143 | DT2: 46144 | DU2: 46145 | DV2: 46146 | DW2: 46147 | DX2: 46148 | DY2: 46149 | DZ2: 46150 | EA2: 46151 | EB2: 46152 | EC2: 46153 | ED2: 46154 | EE2: 46155 | EF2: 46156 | EG2: 46157 | EH2: 46158 | EI2: 46159 | EJ2: 46160 | EK2: 46161 | EL2: 46162 | EM2: 46163 | EN2: 46164 | EO2: 46165 | EP2: 46166 | EQ2: 46167 | ER2: 46168 | ES2: 46169 | ET2: 46170 | EU2: 46171 | EV2: 46172 | EW2: 46173 | EX2: 46174 | EY2: 46175 | EZ2: 46176 | FA2: 46177 | FB2: 46178 | FC2: 46179 | FD2: 46180 | FE2: 46181 | FF2: 46182 | FG2: 46183 | FH2: 46184 | FI2: 46185 | FJ2: 46186 | FK2: 46187 | FL2: 46188 | FM2: 46189 | FN2: 46190 | FO2: 46191 | FP2: 46192 | FQ2: 46193 | FR2: 46194 | FS2: 46195 | FT2: 46196 | FU2: 46197 | FV2: 46198 | FW2: 46199 | FX2: 46200 | FY2: 46201 | FZ2: 46202 | GA2: 46203 | GB2: 46204 | GC2: 46205 | GD2: 46206 | GE2: 46207 | GF2: 46208 | GG2: 46209 | GH2: 46210 | GI2: 46211 | GJ2: 46212 | GK2: 46213 | GL2: 46214 | GM2: 46215 | GN2: 46216 | GO2: 46217 | GP2: 46218 | GQ2: 46219 | GR2: 46220 | GS2: 46221 | GT2: 46222 | GU2: 46223 | GV2: 46224 | GW2: 46225 | GX2: 46226 | GY2: 46227 | GZ2: 46228 | HA2: 46229 | HB2: 46230 | HC2: 46231 | HD2: 46232 | HE2: 46233 | HF2: 46234 | HG2: 46235 | HH2: 46236 | HI2: 46237 | HJ2: 46238 | HK2: 46239 | HL2: 46240 | HM2: 46241 | HN2: 46242 | HO2: 46243 | HP2: 46244 | HQ2: 46245 | HR2: 46246 | HS2: 46247 | HT2: 46248 | HU2: 46249 | HV2: 46250 | HW2: 46251 | HX2: 46252 | HY2: 46253 | HZ2: 46254 | IA2: 46255 | IB2: 46256 | IC2: 46257 | ID2: 46258 | IE2: 46259 | IF2: 46260 | IG2: 46261 | IH2: 46262 | II2: 46263 | IJ2: 46264 | IK2: 46265 | IL2: 46266 | IM2: 46267 | IN2: 46268 | IO2: 46269 | IP2: 46270 | IQ2: 46271 | IR2: 46272 | IS2: 46273 | IT2: 46274 | IU2: 46275 | IV2: 46276 | IW2: 46277 | IX2: 46278 | IY2: 46279 | IZ2: 46280 | JA2: 46281 | JB2: 46282 | JC2: 46283 | JD2: 46284 | JE2: 46285 | JF2: 46286 | JG2: 46287 | JH2: 46288 | JI2: 46289 | JJ2: 46290 | JK2: 46291 | JL2: 46292 | JM2: 46293 | JN2: 46294 | JO2: 46295 | JP2: 46296 | JQ2: 46297 | JR2: 46298 | JS2: 46299 | JT2: 46300 | JU2: 46301 | JV2: 46302 | JW2: 46303 | JX2: 46304 | JY2: 46305 | JZ2: 46306 | KA2: 46307 | KB2: 46308 | KC2: 46309 | KD2: 46310 | KE2: 46311 | KF2: 46312 | KG2: 46313 | KH2: 46314 | KI2: 46315 | KJ2: 46316 | KK2: 46317 | KL2: 46318 | KM2: 46319 | KN2: 46320 | KO2: 46321 | KP2: 46322 | KQ2: 46323 | KR2: 46324 | KS2: 46325 | KT2: 46326 | KU2: 46327 | KV2: 46328 | KW2: 46329 | KX2: 46330 | KY2: 46331 | KZ2: 46332 | LA2: 46333 | LB2: 46334 | LC2: 46335 | LD2: 46336 | LE2: 46337 | LF2: 46338 | LG2: 46339 | LH2: 46340 | LI2: 46341 | LJ2: 46342 | LK2: 46343 | LL2: 46344 | LM2: 46345 | LN2: 46346 | LO2: 46347 | LP2: 46348 | LQ2: 46349 | LR2: 46350 | LS2: 46351 | LT2: 46352 | LU2: 46353 | LV2: 46354 | LW2: 46355 | LX2: 46356 | LY2: 46357 | LZ2: 46358 | MA2: 46359 | MB2: 46360 | MC2: 46361 | MD2: 46362 | ME2: 46363 | MF2: 46364 | MG2: 46365 | MH2: 46366 | MI2: 46367 | MJ2: 46368 | MK2: 46369 | ML2: 46370 | MM2: 46371 | MN2: 46372 | MO2: 46373 | MP2: 46374 | MQ2: 46375 | MR2: 46376 | MS2: 46377 | MT2: 46378 | MU2: 46379 | MV2: 46380 | MW2: 46381 | MX2: 46382 | MY2: 46383 | MZ2: 46384 | NA2: 46385 | NB2: 46386 | NC2: 46387
C3: Чт ✶ | D3: Пт ✶ | E3: Сб ✶ | F3: Вс ✶ | G3: Пн ✶ | H3: Вт ✶ | I3: Ср ✶ | J3: Чт ✶ | K3: Пт ✶ | L3: Сб | M3: Вс | N3: Пн | O3: Вт | P3: Ср | Q3: Чт | R3: Пт | S3: Сб | T3: Вс | U3: Пн | V3: Вт | W3: Ср | X3: Чт | Y3: Пт | Z3: Сб | AA3: Вс | AB3: Пн | AC3: Вт | AD3: Ср | AE3: Чт | AF3: Пт | AG3: Сб | AH3: Вс | AI3: Пн | AJ3: Вт | AK3: Ср | AL3: Чт | AM3: Пт | AN3: Сб | AO3: Вс | AP3: Пн | AQ3: Вт | AR3: Ср | AS3: Чт | AT3: Пт | AU3: Сб | AV3: Вс | AW3: Пн | AX3: Вт | AY3: Ср | AZ3: Чт | BA3: Пт ◐ | BB3: Сб ⚒ | BC3: Вс | BD3: Пн ✶ | BE3: Вт | BF3: Ср | BG3: Чт | BH3: Пт | BI3: Сб | BJ3: Вс | BK3: Пн | BL3: Вт | BM3: Ср | BN3: Чт | BO3: Пт | BP3: Сб ◐ | BQ3: Вс ✶ | BR3: Пн | BS3: Вт | BT3: Ср | BU3: Чт | BV3: Пт | BW3: Сб | BX3: Вс | BY3: Пн | BZ3: Вт | CA3: Ср | CB3: Чт | CC3: Пт | CD3: Сб | CE3: Вс | CF3: Пн | CG3: Вт | CH3: Ср | CI3: Чт | CJ3: Пт | CK3: Сб | CL3: Вс | CM3: Пн | CN3: Вт | CO3: Ср | CP3: Чт | CQ3: Пт | CR3: Сб | CS3: Вс | CT3: Пн | CU3: Вт | CV3: Ср | CW3: Чт | CX3: Пт | CY3: Сб | CZ3: Вс | DA3: Пн | DB3: Вт | DC3: Ср | DD3: Чт | DE3: Пт | DF3: Сб | DG3: Вс | DH3: Пн | DI3: Вт | DJ3: Ср | DK3: Чт | DL3: Пт | DM3: Сб | DN3: Вс | DO3: Пн | DP3: Вт | DQ3: Ср | DR3: Чт | DS3: Пт ✶ | DT3: Сб | DU3: Вс | DV3: Пн | DW3: Вт | DX3: Ср | DY3: Чт | DZ3: Пт ◐ | EA3: Сб ✶ | EB3: Вс | EC3: Пн | ED3: Вт | EE3: Ср | EF3: Чт | EG3: Пт | EH3: Сб | EI3: Вс | EJ3: Пн | EK3: Вт | EL3: Ср | EM3: Чт | EN3: Пт | EO3: Сб | EP3: Вс | EQ3: Пн | ER3: Вт | ES3: Ср | ET3: Чт | EU3: Пт | EV3: Сб | EW3: Вс | EX3: Пн | EY3: Вт | EZ3: Ср | FA3: Чт | FB3: Пт | FC3: Сб | FD3: Вс | FE3: Пн | FF3: Вт | FG3: Ср | FH3: Чт ◐ | FI3: Пт ✶ | FJ3: Сб | FK3: Вс | FL3: Пн | FM3: Вт | FN3: Ср | FO3: Чт | FP3: Пт | FQ3: Сб | FR3: Вс | FS3: Пн | FT3: Вт | FU3: Ср | FV3: Чт | FW3: Пт | FX3: Сб | FY3: Вс | FZ3: Пн | GA3: Вт | GB3: Ср | GC3: Чт | GD3: Пт | GE3: Сб | GF3: Вс | GG3: Пн | GH3: Вт | GI3: Ср | GJ3: Чт | GK3: Пт | GL3: Сб | GM3: Вс | GN3: Пн | GO3: Вт | GP3: Ср | GQ3: Чт | GR3: Пт | GS3: Сб | GT3: Вс | GU3: Пн | GV3: Вт | GW3: Ср | GX3: Чт | GY3: Пт | GZ3: Сб | HA3: Вс | HB3: Пн | HC3: Вт | HD3: Ср | HE3: Чт | HF3: Пт | HG3: Сб | HH3: Вс | HI3: Пн | HJ3: Вт | HK3: Ср | HL3: Чт | HM3: Пт | HN3: Сб | HO3: Вс | HP3: Пн | HQ3: Вт | HR3: Ср | HS3: Чт | HT3: Пт | HU3: Сб | HV3: Вс | HW3: Пн | HX3: Вт | HY3: Ср | HZ3: Чт | IA3: Пт | IB3: Сб | IC3: Вс | ID3: Пн | IE3: Вт | IF3: Ср | IG3: Чт | IH3: Пт | II3: Сб | IJ3: Вс | IK3: Пн | IL3: Вт | IM3: Ср | IN3: Чт | IO3: Пт | IP3: Сб | IQ3: Вс | IR3: Пн | IS3: Вт | IT3: Ср | IU3: Чт | IV3: Пт | IW3: Сб | IX3: Вс | IY3: Пн | IZ3: Вт | JA3: Ср | JB3: Чт | JC3: Пт | JD3: Сб | JE3: Вс | JF3: Пн | JG3: Вт | JH3: Ср | JI3: Чт | JJ3: Пт | JK3: Сб | JL3: Вс | JM3: Пн | JN3: Вт | JO3: Ср | JP3: Чт | JQ3: Пт | JR3: Сб | JS3: Вс | JT3: Пн | JU3: Вт | JV3: Ср | JW3: Чт | JX3: Пт | JY3: Сб | JZ3: Вс | KA3: Пн | KB3: Вт | KC3: Ср | KD3: Чт | KE3: Пт | KF3: Сб | KG3: Вс | KH3: Пн | KI3: Вт | KJ3: Ср | KK3: Чт | KL3: Пт | KM3: Сб | KN3: Вс | KO3: Пн | KP3: Вт | KQ3: Ср | KR3: Чт | KS3: Пт | KT3: Сб | KU3: Вс | KV3: Пн | KW3: Вт ◐ | KX3: Ср ✶ | KY3: Чт | KZ3: Пт | LA3: Сб | LB3: Вс | LC3: Пн | LD3: Вт | LE3: Ср | LF3: Чт | LG3: Пт | LH3: Сб ⚒ | LI3: Вс | LJ3: Пн | LK3: Вт | LL3: Ср | LM3: Чт | LN3: Пт | LO3: Сб | LP3: Вс | LQ3: Пн | LR3: Вт | LS3: Ср | LT3: Чт | LU3: Пт | LV3: Сб | LW3: Вс | LX3: Пн | LY3: Вт | LZ3: Ср | MA3: Чт | MB3: Пт | MC3: Сб | MD3: Вс | ME3: Пн | MF3: Вт | MG3: Ср | MH3: Чт | MI3: Пт | MJ3: Сб | MK3: Вс | ML3: Пн | MM3: Вт | MN3: Ср | MO3: Чт | MP3: Пт | MQ3: Сб | MR3: Вс | MS3: Пн | MT3: Вт | MU3: Ср | MV3: Чт | MW3: Пт | MX3: Сб | MY3: Вс | MZ3: Пн | NA3: Вт | NB3: Ср | NC3: Чт ◐
A4: 1 | B4: ИВАНОВ ИВАН ИВАНОВИЧ | C4: =IF(OR(IF(AND(СОТРУДНИКИ!$C$3<>"",СОТРУДНИКИ!$D$3<>"",$C$2>=СОТРУДНИКИ!$C$3,$C$2<=СОТРУДНИКИ!$D$3),"О",""),IF(AND(СОТРУДНИКИ!$F$3<>"",СОТРУДНИКИ!$G$3<>"",$C$2>=СОТРУДНИКИ!$F$3,$C$2<=СОТРУДНИКИ!$G$3),"О",""),IF(AND(СОТРУДНИКИ!$I$3<>"",СОТРУДНИКИ!$J$3<>"",$C$2>=СОТРУДНИКИ!$I$3,$C$2<=СОТРУДНИКИ!$J$3),"О","")),"О","") -> #VALUE! | D4: =IF(OR(IF(AND(СОТРУДНИКИ!$C$3<>"",СОТРУДНИКИ!$D$3<>"",$D$2>=СОТРУДНИКИ!$C$3,$D$2<=СОТРУДНИКИ!$D$3),"О",""),IF(AND(СОТРУДНИКИ!$F$3<>"",СОТРУДНИКИ!$G$3<>"",$D$2>=СОТРУДНИКИ!$F$3,$D$2<=СОТРУДНИКИ!$G$3),"О",""),IF(AND(СОТРУДНИКИ!$I$3<>"",СОТРУДНИКИ!$J$3<>"",$D$2>=СОТРУДНИКИ!$I$3,$D$2<=СОТРУДНИКИ!$J$3),"О","")),"О","") -> #VALUE! | E4: =IF(OR(IF(AND(СОТРУДНИКИ!$C$3<>"",СОТРУДНИКИ!$D$3<>"",$E$2>=СОТРУДНИКИ!$C$3,$E$2<=СОТРУДНИКИ!$D$3),"О",""),IF(AND(СОТРУДНИКИ!$F$3<>"",СОТРУДНИКИ!$G$3<>"",$E$2>=СОТРУДНИКИ!$F$3,$E$2<=СОТРУДНИКИ!$G$3),"О",""),IF(AND(СОТРУДНИКИ!$I$3<>"",СОТРУДНИКИ!$J$3<>"",$E$2>=СОТРУДНИКИ!$I$3,$E$2<=СОТРУДНИКИ!$J$3),"О","")),"О","") -> #VALUE! | F4: =IF(OR(IF(AND(СОТРУДНИКИ!$C$3<>"",СОТРУДНИКИ!$D$3<>"",$F$2>=СОТРУДНИКИ!$C$3,$F$2<=СОТРУДНИКИ!$D$3),"О",""),IF(AND(СОТРУДНИКИ!$F$3<>"",СОТРУДНИКИ!$G$3<>"",$F$2>=СОТРУДНИКИ!$F$3,$F$2<=СОТРУДНИКИ!$G$3),"О",""),IF(AND(СОТРУДНИКИ!$I$3<>"",СОТРУДНИКИ!$J$3<>"",$F$2>=СОТРУДНИКИ!$I$3,$F$2<=СОТРУДНИКИ!$J$3),"О","")),"О","") -> #VALUE! | G4: =IF(OR(IF(AND(СОТРУДНИКИ!$C$3<>"",СОТРУДНИКИ!$D$3<>"",$G$2>=СОТРУДНИКИ!$C$3,$G$2<=СОТРУДНИКИ!$D$3),"О",""),IF(AND(СОТРУДНИКИ!$F$3<>"",СОТРУДНИКИ!$G$3<>"",$G$2>=СОТРУДНИКИ!$F$3,$G$2<=СОТРУДНИКИ!$G$3),"О",""),IF(AND(СОТРУДНИКИ!$I$3<>"",СОТРУДНИКИ!$J$3<>"",$G$2>=СОТРУДНИКИ!$I$3,$G$2<=СОТРУДНИКИ!$J$3),"О","")),"О","") -> #VALUE! | H4: =IF(OR(IF(AND(СОТРУДНИКИ!$C$3<>"",СОТРУДНИКИ!$D$3<>"",$H$2>=СОТРУДНИКИ!$C$3,$H$2<=СОТРУДНИКИ!$D$3),"О",""),IF(AND(СОТРУДНИКИ!$F$3<>"",СОТРУДНИКИ!$G$3<>"",$H$2>=СОТРУДНИКИ!$F$3,$H$2<=СОТРУДНИКИ!$G$3),"О",""),IF(AND(СОТРУДНИКИ!$I$3<>"",СОТРУДНИКИ!$J$3<>"",$H$2>=СОТРУДНИКИ!$I$3,$H$2<=СОТРУДНИКИ!$J$3),"О","")),"О","") -> #VALUE! | I4: =IF(OR(IF(AND(СОТРУДНИКИ!$C$3<>"",СОТРУДНИКИ!$D$3<>"",$I$2>=СОТРУДНИКИ!$C$3,$I$2<=СОТРУДНИКИ!$D$3),"О",""),IF(AND(СОТРУДНИКИ!$F$3<>"",СОТРУДНИКИ!$G$3<>"",$I$2>=СОТРУДНИКИ!$F$3,$I$2<=СОТРУДНИКИ!$G$3),"О",""),IF(AND(СОТРУДНИКИ!$I$3<>"",СОТРУДНИКИ!$J$3<>"",$I$2>=СОТРУДНИКИ!$I$3,$I$2<=СОТРУДНИКИ!$J$3),"О","")),"О","") -> #VALUE! | J4: =IF(OR(IF(AND(СОТРУДНИКИ!$C$3<>"",СОТРУДНИКИ!$D$3<>"",$J$2>=СОТРУДНИКИ!$C$3,$J$2<=СОТРУДНИКИ!$D$3),"О",""),IF(AND(СОТРУДНИКИ!$F$3<>"",СОТРУДНИКИ!$G$3<>"",$J$2>=СОТРУДНИКИ!$F$3,$J$2<=СОТРУДНИКИ!$G$3),"О",""),IF(AND(СОТРУДНИКИ!$I$3<>"",СОТРУДНИКИ!$J$3<>"",$J$2>=СОТРУДНИКИ!$I$3,$J$2<=СОТРУДНИКИ!$J$3),"О","")),"О","") -> #VALUE! | K4: =IF(OR(IF(AND(СОТРУДНИКИ!$C$3<>"",СОТРУДНИКИ!$D$3<>"",$K$2>=СОТРУДНИКИ!$C$3,$K$2<=СОТРУДНИКИ!$D$3),"О",""),IF(AND(СОТРУДНИКИ!$F$3<>"",СОТРУДНИКИ!$G$3<>"",$K$2>=СОТРУДНИКИ!$F$3,$K$2<=СОТРУДНИКИ!$G$3),"О",""),IF(AND(СОТРУДНИКИ!$I$3<>"",СОТРУДНИКИ!$J$3<>"",$K$2>=СОТРУДНИКИ!$I$3,$K$2<=СОТРУДНИКИ!$J$3),"О","")),"О","") -> #VALUE! | L4: =IF(OR(IF(AND(СОТРУДНИКИ!$C$3<>"",СОТРУДНИКИ!$D$3<>"",$L$2>=СОТРУДНИКИ!$C$3,$L$2<=СОТРУДНИКИ!$D$3),"О",""),IF(AND(СОТРУДНИКИ!$F$3<>"",СОТРУДНИКИ!$G$3<>"",$L$2>=СОТРУДНИКИ!$F$3,$L$2<=СОТРУДНИКИ!$G$3),"О",""),IF(AND(СОТРУДНИКИ!$I$3<>"",СОТРУДНИКИ!$J$3<>"",$L$2>=СОТРУДНИКИ!$I$3,$L$2<=СОТРУДНИКИ!$J$3),"О","")),"О","") -> #VALUE! | M4: =IF(OR(IF(AND(СОТРУДНИКИ!$C$3<>"",СОТРУДНИКИ!$D$3<>"",$M$2>=СОТРУДНИКИ!$C$3,$M$2<=СОТРУДНИКИ!$D$3),"О",""),IF(AND(СОТРУДНИКИ!$F$3<>"",СОТРУДНИКИ!$G$3<>"",$M$2>=СОТРУДНИКИ!$F$3,$M$2<=СОТРУДНИКИ!$G$3),"О",""),IF(AND(СОТРУДНИКИ!$I$3<>"",СОТРУДНИКИ!$J$3<>"",$M$2>=СОТРУДНИКИ!$I$3,$M$2<=СОТРУДНИКИ!$J$3),"О","")),"О","") -> #VALUE! | N4: =IF(OR(IF(AND(СОТРУДНИКИ!$C$3<>"",СОТРУДНИКИ!$D$3<>"",$N$2>=СОТРУДНИКИ!$C$3,$N$2<=СОТРУДНИКИ!$D$3),"О",""),IF(AND(СОТРУДНИКИ!$F$3<>"",СОТРУДНИКИ!$G$3<>"",$N$2>=СОТРУДНИКИ!$F$3,$N$2<=СОТРУДНИКИ!$G$3),"О",""),IF(AND(СОТРУДНИКИ!$I$3<>"",СОТРУДНИКИ!$J$3<>"",$N$2>=СОТРУДНИКИ!$I$3,$N$2<=СОТРУДНИКИ!$J$3),"О","")),"О","") -> #VALUE! | O4: =IF(OR(IF(AND(СОТРУДНИКИ!$C$3<>"",СОТРУДНИКИ!$D$3<>"",$O$2>=СОТРУДНИКИ!$C$3,$O$2<=СОТРУДНИКИ!$D$3),"О",""),IF(AND(СОТРУДНИКИ!$F$3<>"",СОТРУДНИКИ!$G$3<>"",$O$2>=СОТРУДНИКИ!$F$3,$O$2<=СОТРУДНИКИ!$G$3),"О",""),IF(AND(СОТРУДНИКИ!$I$3<>"",СОТРУДНИКИ!$J$3<>"",$O$2>=СОТРУДНИКИ!$I$3,$O$2<=СОТРУДНИКИ!$J$3),"О","")),"О","") -> #VALUE! | P4: =IF(OR(IF(AND(СОТРУДНИКИ!$C$3<>"",СОТРУДНИКИ!$D$3<>"",$P$2>=СОТРУДНИКИ!$C$3,$P$2<=СОТРУДНИКИ!$D$3),"О",""),IF(AND(СОТРУДНИКИ!$F$3<>"",СОТРУДНИКИ!$G$3<>"",$P$2>=СОТРУДНИКИ!$F$3,$P$2<=СОТРУДНИКИ!$G$3),"О",""),IF(AND(СОТРУДНИКИ!$I$3<>"",СОТРУДНИКИ!$J$3<>"",$P$2>=СОТРУДНИКИ!$I$3,$P$2<=СОТРУДНИКИ!$J$3),"О","")),"О","") -> #VALUE! | Q4: =IF(OR(IF(AND(СОТРУДНИКИ!$C$3<>"",СОТРУДНИКИ!$D$3<>"",$Q$2>=СОТРУДНИКИ!$C$3,$Q$2<=СОТРУДНИКИ!$D$3),"О",""),IF(AND(СОТРУДНИКИ!$F$3<>"",СОТРУДНИКИ!$G$3<>"",$Q$2>=СОТРУДНИКИ!$F$3,$Q$2<=СОТРУДНИКИ!$G$3),"О",""),IF(AND(СОТРУДНИКИ!$I$3<>"",СОТРУДНИКИ!$J$3<>"",$Q$2>=СОТРУДНИКИ!$I$3,$Q$2<=СОТРУДНИКИ!$J$3),"О","")),"О","") -> #VALUE! | R4: =IF(OR(IF(AND(СОТРУДНИКИ!$C$3<>"",СОТРУДНИКИ!$D$3<>"",$R$2>=СОТРУДНИКИ!$C$3,$R$2<=СОТРУДНИКИ!$D$3),"О",""),IF(AND(СОТРУДНИКИ!$F$3<>"",СОТРУДНИКИ!$G$3<>"",$R$2>=СОТРУДНИКИ!$F$3,$R$2<=СОТРУДНИКИ!$G$3),"О",""),IF(AND(СОТРУДНИКИ!$I$3<>"",СОТРУДНИКИ!$J$3<>"",$R$2>=СОТРУДНИКИ!$I$3,$R$2<=СОТРУДНИКИ!$J$3),"О","")),"О","") -> #VALUE! | S4: =IF(OR(IF(AND(СОТРУДНИКИ!$C$3<>"",СОТРУДНИКИ!$D$3<>"",$S$2>=СОТРУДНИКИ!$C$3,$S$2<=СОТРУДНИКИ!$D$3),"О",""),IF(AND(СОТРУДНИКИ!$F$3<>"",СОТРУДНИКИ!$G$3<>"",$S$2>=СОТРУДНИКИ!$F$3,$S$2<=СОТРУДНИКИ!$G$3),"О",""),IF(AND(СОТРУДНИКИ!$I$3<>"",СОТРУДНИКИ!$J$3<>"",$S$2>=СОТРУДНИКИ!$I$3,$S$2<=СОТРУДНИКИ!$J$3),"О","")),"О","") -> #VALUE! | T4: =IF(OR(IF(AND(СОТРУДНИКИ!$C$3<>"",СОТРУДНИКИ!$D$3<>"",$T$2>=СОТРУДНИКИ!$C$3,$T$2<=СОТРУДНИКИ!$D$3),"О",""),IF(AND(СОТРУДНИКИ!$F$3<>"",СОТРУДНИКИ!$G$3<>"",$T$2>=СОТРУДНИКИ!$F$3,$T$2<=СОТРУДНИКИ!$G$3),"О",""),IF(AND(СОТРУДНИКИ!$I$3<>"",СОТРУДНИКИ!$J$3<>"",$T$2>=СОТРУДНИКИ!$I$3,$T$2<=СОТРУДНИКИ!$J$3),"О","")),"О","") -> #VALUE! | U4: =IF(OR(IF(AND(СОТРУДНИКИ!$C$3<>"",СОТРУДНИКИ!$D$3<>"",$U$2>=СОТРУДНИКИ!$C$3,$U$2<=СОТРУДНИКИ!$D$3),"О",""),IF(AND(СОТРУДНИКИ!$F$3<>"",СОТРУДНИКИ!$G$3<>"",$U$2>=СОТРУДНИКИ!$F$3,$U$2<=СОТРУДНИКИ!$G$3),"О",""),IF(AND(СОТРУДНИКИ!$I$3<>"",СОТРУДНИКИ!$J$3<>"",$U$2>=СОТРУДНИКИ!$I$3,$U$2<=СОТРУДНИКИ!$J$3),"О","")),"О","") -> #VALUE! | V4: =IF(OR(IF(AND(СОТРУДНИКИ!$C$3<>"",СОТРУДНИКИ!$D$3<>"",$V$2>=СОТРУДНИКИ!$C$3,$V$2<=СОТРУДНИКИ!$D$3),"О",""),IF(AND(СОТРУДНИКИ!$F$3<>"",СОТРУДНИКИ!$G$3<>"",$V$2>=СОТРУДНИКИ!$F$3,$V$2<=СОТРУДНИКИ!$G$3),"О",""),IF(AND(СОТРУДНИКИ!$I$3<>"",СОТРУДНИКИ!$J$3<>"",$V$2>=СОТРУДНИКИ!$I$3,$V$2<=СОТРУДНИКИ!$J$3),"О","")),"О","") -> #VALUE! | W4: =IF(OR(IF(AND(СОТРУДНИКИ!$C$3<>"",СОТРУДНИКИ!$D$3<>"",$W$2>=СОТРУДНИКИ!$C$3,$W$2<=СОТРУДНИКИ!$D$3),"О",""),IF(AND(СОТРУДНИКИ!$F$3<>"",СОТРУДНИКИ!$G$3<>"",$W$2>=СОТРУДНИКИ!$F$3,$W$2<=СОТРУДНИКИ!$G$3),"О",""),IF(AND(СОТРУДНИКИ!$I$3<>"",СОТРУДНИКИ!$J$3<>"",$W$2>=СОТРУДНИКИ!$I$3,$W$2<=СОТРУДНИКИ!$J$3),"О","")),"О","") -> #VALUE! | X4: =IF(OR(IF(AND(СОТРУДНИКИ!$C$3<>"",СОТРУДНИКИ!$D$3<>"",$X$2>=СОТРУДНИКИ!$C$3,$X$2<=СОТРУДНИКИ!$D$3),"О",""),IF(AND(СОТРУДНИКИ!$F$3<>"",СОТРУДНИКИ!$G$3<>"",$X$2>=СОТРУДНИКИ!$F$3,$X$2<=СОТРУДНИКИ!$G$3),"О",""),IF(AND(СОТРУДНИКИ!$I$3<>"",СОТРУДНИКИ!$J$3<>"",$X$2>=СОТРУДНИКИ!$I$3,$X$2<=СОТРУДНИКИ!$J$3),"О","")),"О","") -> #VALUE! | Y4: =IF(OR(IF(AND(СОТРУДНИКИ!$C$3<>"",СОТРУДНИКИ!$D$3<>"",$Y$2>=СОТРУДНИКИ!$C$3,$Y$2<=СОТРУДНИКИ!$D$3),"О",""),IF(AND(СОТРУДНИКИ!$F$3<>"",СОТРУДНИКИ!$G$3<>"",$Y$2>=СОТРУДНИКИ!$F$3,$Y$2<=СОТРУДНИКИ!$G$3),"О",""),IF(AND(СОТРУДНИКИ!$I$3<>"",СОТРУДНИКИ!$J$3<>"",$Y$2>=СОТРУДНИКИ!$I$3,$Y$2<=СОТРУДНИКИ!$J$3),"О","")),"О","") -> #VALUE! | Z4: =IF(OR(IF(AND(СОТРУДНИКИ!$C$3<>"",СОТРУДНИКИ!$D$3<>"",$Z$2>=СОТРУДНИКИ!$C$3,$Z$2<=СОТРУДНИКИ!$D$3),"О",""),IF(AND(СОТРУДНИКИ!$F$3<>"",СОТРУДНИКИ!$G$3<>"",$Z$2>=СОТРУДНИКИ!$F$3,$Z$2<=СОТРУДНИКИ!$G$3),"О",""),IF(AND(СОТРУДНИКИ!$I$3<>"",СОТРУДНИКИ!$J$3<>"",$Z$2>=СОТРУДНИКИ!$I$3,$Z$2<=СОТРУДНИКИ!$J$3),"О","")),"О","") -> #VALUE! | AA4: =IF(OR(IF(AND(СОТРУДНИКИ!$C$3<>"",СОТРУДНИКИ!$D$3<>"",$AA$2>=СОТРУДНИКИ!$C$3,$AA$2<=СОТРУДНИКИ!$D$3),"О",""),IF(AND(СОТРУДНИКИ!$F$3<>"",СОТРУДНИКИ!$G$3<>"",$AA$2>=СОТРУДНИКИ!$F$3,$AA$2<=СОТРУДНИКИ!$G$3),"О",""),IF(AND(СОТРУДНИКИ!$I$3<>"",СОТРУДНИКИ!$J$3<>"",$AA$2>=СОТРУДНИКИ!$I$3,$AA$2<=СОТРУДНИКИ!$J$3),"О","")),"О","") -> #VALUE! | AB4: =IF(OR(IF(AND(СОТРУДНИКИ!$C$3<>"",СОТРУДНИКИ!$D$3<>"",$AB$2>=СОТРУДНИКИ!$C$3,$AB$2<=СОТРУДНИКИ!$D$3),"О",""),IF(AND(СОТРУДНИКИ!$F$3<>"",СОТРУДНИКИ!$G$3<>"",$AB$2>=СОТРУДНИКИ!$F$3,$AB$2<=СОТРУДНИКИ!$G$3),"О",""),IF(AND(СОТРУДНИКИ!$I$3<>"",СОТРУДНИКИ!$J$3<>"",$AB$2>=СОТРУДНИКИ!$I$3,$AB$2<=СОТРУДНИКИ!$J$3),"О","")),"О","") -> #VALUE! | AC4: =IF(OR(IF(AND(СОТРУДНИКИ!$C$3<>"",СОТРУДНИКИ!$D$3<>"",$AC$2>=СОТРУДНИКИ!$C$3,$AC$2<=СОТРУДНИКИ!$D$3),"О",""),IF(AND(СОТРУДНИКИ!$F$3<>"",СОТРУДНИКИ!$G$3<>"",$AC$2>=СОТРУДНИКИ!$F$3,$AC$2<=СОТРУДНИКИ!$G$3),"О",""),IF(AND(СОТРУДНИКИ!$I$3<>"",СОТРУДНИКИ!$J$3<>"",$AC$2>=СОТРУДНИКИ!$I$3,$AC$2<=СОТРУДНИКИ!$J$3),"О","")),"О","") -> #VALUE! | AD4: =IF(OR(IF(AND(СОТРУДНИКИ!$C$3<>"",СОТРУДНИКИ!$D$3<>"",$AD$2>=СОТРУДНИКИ!$C$3,$AD$2<=СОТРУДНИКИ!$D$3),"О",""),IF(AND(СОТРУДНИКИ!$F$3<>"",СОТРУДНИКИ!$G$3<>"",$AD$2>=СОТРУДНИКИ!$F$3,$AD$2<=СОТРУДНИКИ!$G$3),"О",""),IF(AND(СОТРУДНИКИ!$I$3<>"",СОТРУДНИКИ!$J$3<>"",$AD$2>=СОТРУДНИКИ!$I$3,$AD$2<=СОТРУДНИКИ!$J$3),"О","")),"О","") -> #VALUE! | AE4: =IF(OR(IF(AND(СОТРУДНИКИ!$C$3<>"",СОТРУДНИКИ!$D$3<>"",$AE$2>=СОТРУДНИКИ!$C$3,$AE$2<=СОТРУДНИКИ!$D$3),"О",""),IF(AND(СОТРУДНИКИ!$F$3<>"",СОТРУДНИКИ!$G$3<>"",$AE$2>=СОТРУДНИКИ!$F$3,$AE$2<=СОТРУДНИКИ!$G$3),"О",""),IF(AND(СОТРУДНИКИ!$I$3<>"",СОТРУДНИКИ!$J$3<>"",$AE$2>=СОТРУДНИКИ!$I$3,$AE$2<=СОТРУДНИКИ!$J$3),"О","")),"О","") -> #VALUE! | AF4: =IF(OR(IF(AND(СОТРУДНИКИ!$C$3<>"",СОТРУДНИКИ!$D$3<>"",$AF$2>=СОТРУДНИКИ!$C$3,$AF$2<=СОТРУДНИКИ!$D$3),"О",""),IF(AND(СОТРУДНИКИ!$F$3<>"",СОТРУДНИКИ!$G$3<>"",$AF$2>=СОТРУДНИКИ!$F$3,$AF$2<=СОТРУДНИКИ!$G$3),"О",""),IF(AND(СОТРУДНИКИ!$I$3<>"",СОТРУДНИКИ!$J$3<>"",$AF$2>=СОТРУДНИКИ!$I$3,$AF$2<=СОТРУДНИКИ!$J$3),"О","")),"О","") -> #VALUE! | AG4: =IF(OR(IF(AND(СОТРУДНИКИ!$C$3<>"",СОТРУДНИКИ!$D$3<>"",$AG$2>=СОТРУДНИКИ!$C$3,$AG$2<=СОТРУДНИКИ!$D$3),"О",""),IF(AND(СОТРУДНИКИ!$F$3<>"",СОТРУДНИКИ!$G$3<>"",$AG$2>=СОТРУДНИКИ!$F$3,$AG$2<=СОТРУДНИКИ!$G$3),"О",""),IF(AND(СОТРУДНИКИ!$I$3<>"",СОТРУДНИКИ!$J$3<>"",$AG$2>=СОТРУДНИКИ!$I$3,$AG$2<=СОТРУДНИКИ!$J$3),"О","")),"О","") -> #VALUE! | AH4: =IF(OR(IF(AND(СОТРУДНИКИ!$C$3<>"",СОТРУДНИКИ!$D$3<>"",$AH$2>=СОТРУДНИКИ!$C$3,$AH$2<=СОТРУДНИКИ!$D$3),"О",""),IF(AND(СОТРУДНИКИ!$F$3<>"",СОТРУДНИКИ!$G$3<>"",$AH$2>=СОТРУДНИКИ!$F$3,$AH$2<=СОТРУДНИКИ!$G$3),"О",""),IF(AND(СОТРУДНИКИ!$I$3<>"",СОТРУДНИКИ!$J$3<>"",$AH$2>=СОТРУДНИКИ!$I$3,$AH$2<=СОТРУДНИКИ!$J$3),"О","")),"О","") -> #VALUE! | AI4: =IF(OR(IF(AND(СОТРУДНИКИ!$C$3<>"",СОТРУДНИКИ!$D$3<>"",$AI$2>=СОТРУДНИКИ!$C$3,$AI$2<=СОТРУДНИКИ!$D$3),"О",""),IF(AND(СОТРУДНИКИ!$F$3<>"",СОТРУДНИКИ!$G$3<>"",$AI$2>=СОТРУДНИКИ!$F$3,$AI$2<=СОТРУДНИКИ!$G$3),"О",""),IF(AND(СОТРУДНИКИ!$I$3<>"",СОТРУДНИКИ!$J$3<>"",$AI$2>=СОТРУДНИКИ!$I$3,$AI$2<=СОТРУДНИКИ!$J$3),"О","")),"О","") -> #VALUE! | AJ4: =IF(OR(IF(AND(СОТРУДНИКИ!$C$3<>"",СОТРУДНИКИ!$D$3<>"",$AJ$2>=СОТРУДНИКИ!$C$3,$AJ$2<=СОТРУДНИКИ!$D$3),"О",""),IF(AND(СОТРУДНИКИ!$F$3<>"",СОТРУДНИКИ!$G$3<>"",$AJ$2>=СОТРУДНИКИ!$F$3,$AJ$2<=СОТРУДНИКИ!$G$3),"О",""),IF(AND(СОТРУДНИКИ!$I$3<>"",СОТРУДНИКИ!$J$3<>"",$AJ$2>=СОТРУДНИКИ!$I$3,$AJ$2<=СОТРУДНИКИ!$J$3),"О","")),"О","") -> #VALUE! | AK4: =IF(OR(IF(AND(СОТРУДНИКИ!$C$3<>"",СОТРУДНИКИ!$D$3<>"",$AK$2>=СОТРУДНИКИ!$C$3,$AK$2<=СОТРУДНИКИ!$D$3),"О",""),IF(AND(СОТРУДНИКИ!$F$3<>"",СОТРУДНИКИ!$G$3<>"",$AK$2>=СОТРУДНИКИ!$F$3,$AK$2<=СОТРУДНИКИ!$G$3),"О",""),IF(AND(СОТРУДНИКИ!$I$3<>"",СОТРУДНИКИ!$J$3<>"",$AK$2>=СОТРУДНИКИ!$I$3,$AK$2<=СОТРУДНИКИ!$J$3),"О","")),"О","") -> #VALUE! | AL4: =IF(OR(IF(AND(СОТРУДНИКИ!$C$3<>"",СОТРУДНИКИ!$D$3<>"",$AL$2>=СОТРУДНИКИ!$C$3,$AL$2<=СОТРУДНИКИ!$D$3),"О",""),IF(AND(СОТРУДНИКИ!$F$3<>"",СОТРУДНИКИ!$G$3<>"",$AL$2>=СОТРУДНИКИ!$F$3,$AL$2<=СОТРУДНИКИ!$G$3),"О",""),IF(AND(СОТРУДНИКИ!$I$3<>"",СОТРУДНИКИ!$J$3<>"",$AL$2>=СОТРУДНИКИ!$I$3,$AL$2<=СОТРУДНИКИ!$J$3),"О","")),"О","") -> #VALUE! | AM4: =IF(OR(IF(AND(СОТРУДНИКИ!$C$3<>"",СОТРУДНИКИ!$D$3<>"",$AM$2>=СОТРУДНИКИ!$C$3,$AM$2<=СОТРУДНИКИ!$D$3),"О",""),IF(AND(СОТРУДНИКИ!$F$3<>"",СОТРУДНИКИ!$G$3<>"",$AM$2>=СОТРУДНИКИ!$F$3,$AM$2<=СОТРУДНИКИ!$G$3),"О",""),IF(AND(СОТРУДНИКИ!$I$3<>"",СОТРУДНИКИ!$J$3<>"",$AM$2>=СОТРУДНИКИ!$I$3,$AM$2<=СОТРУДНИКИ!$J$3),"О","")),"О","") -> #VALUE! | AN4: =IF(OR(IF(AND(СОТРУДНИКИ!$C$3<>"",СОТРУДНИКИ!$D$3<>"",$AN$2>=СОТРУДНИКИ!$C$3,$AN$2<=СОТРУДНИКИ!$D$3),"О",""),IF(AND(СОТРУДНИКИ!$F$3<>"",СОТРУДНИКИ!$G$3<>"",$AN$2>=СОТРУДНИКИ!$F$3,$AN$2<=СОТРУДНИКИ!$G$3),"О",""),IF(AND(СОТРУДНИКИ!$I$3<>"",СОТРУДНИКИ!$J$3<>"",$AN$2>=СОТРУДНИКИ!$I$3,$AN$2<=СОТРУДНИКИ!$J$3),"О","")),"О","") -> #VALUE! | AO4: =IF(OR(IF(AND(СОТРУДНИКИ!$C$3<>"",СОТРУДНИКИ!$D$3<>"",$AO$2>=СОТРУДНИКИ!$C$3,$AO$2<=СОТРУДНИКИ!$D$3),"О",""),IF(AND(СОТРУДНИКИ!$F$3<>"",СОТРУДНИКИ!$G$3<>"",$AO$2>=СОТРУДНИКИ!$F$3,$AO$2<=СОТРУДНИКИ!$G$3),"О",""),IF(AND(СОТРУДНИКИ!$I$3<>"",СОТРУДНИКИ!$J$3<>"",$AO$2>=СОТРУДНИКИ!$I$3,$AO$2<=СОТРУДНИКИ!$J$3),"О","")),"О","") -> #VALUE! | AP4: =IF(OR(IF(AND(СОТРУДНИКИ!$C$3<>"",СОТРУДНИКИ!$D$3<>"",$AP$2>=СОТРУДНИКИ!$C$3,$AP$2<=СОТРУДНИКИ!$D$3),"О",""),IF(AND(СОТРУДНИКИ!$F$3<>"",СОТРУДНИКИ!$G$3<>"",$AP$2>=СОТРУДНИКИ!$F$3,$AP$2<=СОТРУДНИКИ!$G$3),"О",""),IF(AND(СОТРУДНИКИ!$I$3<>"",СОТРУДНИКИ!$J$3<>"",$AP$2>=СОТРУДНИКИ!$I$3,$AP$2<=СОТРУДНИКИ!$J$3),"О","")),"О","") -> #VALUE! | AQ4: =IF(OR(IF(AND(СОТРУДНИКИ!$C$3<>"",СОТРУДНИКИ!$D$3<>"",$AQ$2>=СОТРУДНИКИ!$C$3,$AQ$2<=СОТРУДНИКИ!$D$3),"О",""),IF(AND(СОТРУДНИКИ!$F$3<>"",СОТРУДНИКИ!$G$3<>"",$AQ$2>=СОТРУДНИКИ!$F$3,$AQ$2<=СОТРУДНИКИ!$G$3),"О",""),IF(AND(СОТРУДНИКИ!$I$3<>"",СОТРУДНИКИ!$J$3<>"",$AQ$2>=СОТРУДНИКИ!$I$3,$AQ$2<=СОТРУДНИКИ!$J$3),"О","")),"О","") -> #VALUE! | AR4: =IF(OR(IF(AND(СОТРУДНИКИ!$C$3<>"",СОТРУДНИКИ!$D$3<>"",$AR$2>=СОТРУДНИКИ!$C$3,$AR$2<=СОТРУДНИКИ!$D$3),"О",""),IF(AND(СОТРУДНИКИ!$F$3<>"",СОТРУДНИКИ!$G$3<>"",$AR$2>=СОТРУДНИКИ!$F$3,$AR$2<=СОТРУДНИКИ!$G$3),"О",""),IF(AND(СОТРУДНИКИ!$I$3<>"",СОТРУДНИКИ!$J$3<>"",$AR$2>=СОТРУДНИКИ!$I$3,$AR$2<=СОТРУДНИКИ!$J$3),"О","")),"О","") -> #VALUE! | AS4: =IF(OR(IF(AND(СОТРУДНИКИ!$C$3<>"",СОТРУДНИКИ!$D$3<>"",$AS$2>=СОТРУДНИКИ!$C$3,$AS$2<=СОТРУДНИКИ!$D$3),"О",""),IF(AND(СОТРУДНИКИ!$F$3<>"",СОТРУДНИКИ!$G$3<>"",$AS$2>=СОТРУДНИКИ!$F$3,$AS$2<=СОТРУДНИКИ!$G$3),"О",""),IF(AND(СОТРУДНИКИ!$I$3<>"",СОТРУДНИКИ!$J$3<>"",$AS$2>=СОТРУДНИКИ!$I$3,$AS$2<=СОТРУДНИКИ!$J$3),"О","")),"О","") -> #VALUE! | AT4: =IF(OR(IF(AND(СОТРУДНИКИ!$C$3<>"",СОТРУДНИКИ!$D$3<>"",$AT$2>=СОТРУДНИКИ!$C$3,$AT$2<=СОТРУДНИКИ!$D$3),"О",""),IF(AND(СОТРУДНИКИ!$F$3<>"",СОТРУДНИКИ!$G$3<>"",$AT$2>=СОТРУДНИКИ!$F$3,$AT$2<=СОТРУДНИКИ!$G$3),"О",""),IF(AND(СОТРУДНИКИ!$I$3<>"",СОТРУДНИКИ!$J$3<>"",$AT$2>=СОТРУДНИКИ!$I$3,$AT$2<=СОТРУДНИКИ!$J$3),"О","")),"О","") -> #VALUE! | AU4: =IF(OR(IF(AND(СОТРУДНИКИ!$C$3<>"",СОТРУДНИКИ!$D$3<>"",$AU$2>=СОТРУДНИКИ!$C$3,$AU$2<=СОТРУДНИКИ!$D$3),"О",""),IF(AND(СОТРУДНИКИ!$F$3<>"",СОТРУДНИКИ!$G$3<>"",$AU$2>=СОТРУДНИКИ!$F$3,$AU$2<=СОТРУДНИКИ!$G$3),"О",""),IF(AND(СОТРУДНИКИ!$I$3<>"",СОТРУДНИКИ!$J$3<>"",$AU$2>=СОТРУДНИКИ!$I$3,$AU$2<=СОТРУДНИКИ!$J$3),"О","")),"О","") -> #VALUE! | AV4: =IF(OR(IF(AND(СОТРУДНИКИ!$C$3<>"",СОТРУДНИКИ!$D$3<>"",$AV$2>=СОТРУДНИКИ!$C$3,$AV$2<=СОТРУДНИКИ!$D$3),"О",""),IF(AND(СОТРУДНИКИ!$F$3<>"",СОТРУДНИКИ!$G$3<>"",$AV$2>=СОТРУДНИКИ!$F$3,$AV$2<=СОТРУДНИКИ!$G$3),"О",""),IF(AND(СОТРУДНИКИ!$I$3<>"",СОТРУДНИКИ!$J$3<>"",$AV$2>=СОТРУДНИКИ!$I$3,$AV$2<=СОТРУДНИКИ!$J$3),"О","")),"О","") -> #VALUE! | AW4: =IF(OR(IF(AND(СОТРУДНИКИ!$C$3<>"",СОТРУДНИКИ!$D$3<>"",$AW$2>=СОТРУДНИКИ!$C$3,$AW$2<=СОТРУДНИКИ!$D$3),"О",""),IF(AND(СОТРУДНИКИ!$F$3<>"",СОТРУДНИКИ!$G$3<>"",$AW$2>=СОТРУДНИКИ!$F$3,$AW$2<=СОТРУДНИКИ!$G$3),"О",""),IF(AND(СОТРУДНИКИ!$I$3<>"",СОТРУДНИКИ!$J$3<>"",$AW$2>=СОТРУДНИКИ!$I$3,$AW$2<=СОТРУДНИКИ!$J$3),"О","")),"О","") -> #VALUE! | AX4: =IF(OR(IF(AND(СОТРУДНИКИ!$C$3<>"",СОТРУДНИКИ!$D$3<>"",$AX$2>=СОТРУДНИКИ!$C$3,$AX$2<=СОТРУДНИКИ!$D$3),"О",""),IF(AND(СОТРУДНИКИ!$F$3<>"",СОТРУДНИКИ!$G$3<>"",$AX$2>=СОТРУДНИКИ!$F$3,$AX$2<=СОТРУДНИКИ!$G$3),"О",""),IF(AND(СОТРУДНИКИ!$I$3<>"",СОТРУДНИКИ!$J$3<>"",$AX$2>=СОТРУДНИКИ!$I$3,$AX$2<=СОТРУДНИКИ!$J$3),"О","")),"О","") -> #VALUE! | AY4: =IF(OR(IF(AND(СОТРУДНИКИ!$C$3<>"",СОТРУДНИКИ!$D$3<>"",$AY$2>=СОТРУДНИКИ!$C$3,$AY$2<=СОТРУДНИКИ!$D$3),"О",""),IF(AND(СОТРУДНИКИ!$F$3<>"",СОТРУДНИКИ!$G$3<>"",$AY$2>=СОТРУДНИКИ!$F$3,$AY$2<=СОТРУДНИКИ!$G$3),"О",""),IF(AND(СОТРУДНИКИ!$I$3<>"",СОТРУДНИКИ!$J$3<>"",$AY$2>=СОТРУДНИКИ!$I$3,$AY$2<=СОТРУДНИКИ!$J$3),"О","")),"О","") -> #VALUE! | AZ4: =IF(OR(IF(AND(СОТРУДНИКИ!$C$3<>"",СОТРУДНИКИ!$D$3<>"",$AZ$2>=СОТРУДНИКИ!$C$3,$AZ$2<=СОТРУДНИКИ!$D$3),"О",""),IF(AND(СОТРУДНИКИ!$F$3<>"",СОТРУДНИКИ!$G$3<>"",$AZ$2>=СОТРУДНИКИ!$F$3,$AZ$2<=СОТРУДНИКИ!$G$3),"О",""),IF(AND(СОТРУДНИКИ!$I$3<>"",СОТРУДНИКИ!$J$3<>"",$AZ$2>=СОТРУДНИКИ!$I$3,$AZ$2<=СОТРУДНИКИ!$J$3),"О","")),"О","") -> #VALUE! | BA4: =IF(OR(IF(AND(СОТРУДНИКИ!$C$3<>"",СОТРУДНИКИ!$D$3<>"",$BA$2>=СОТРУДНИКИ!$C$3,$BA$2<=СОТРУДНИКИ!$D$3),"О",""),IF(AND(СОТРУДНИКИ!$F$3<>"",СОТРУДНИКИ!$G$3<>"",$BA$2>=СОТРУДНИКИ!$F$3,$BA$2<=СОТРУДНИКИ!$G$3),"О",""),IF(AND(СОТРУДНИКИ!$I$3<>"",СОТРУДНИКИ!$J$3<>"",$BA$2>=СОТРУДНИКИ!$I$3,$BA$2<=СОТРУДНИКИ!$J$3),"О","")),"О","") -> #VALUE! | BB4: =IF(OR(IF(AND(СОТРУДНИКИ!$C$3<>"",СОТРУДНИКИ!$D$3<>"",$BB$2>=СОТРУДНИКИ!$C$3,$BB$2<=СОТРУДНИКИ!$D$3),"О",""),IF(AND(СОТРУДНИКИ!$F$3<>"",СОТРУДНИКИ!$G$3<>"",$BB$2>=СОТРУДНИКИ!$F$3,$BB$2<=СОТРУДНИКИ!$G$3),"О",""),IF(AND(СОТРУДНИКИ!$I$3<>"",СОТРУДНИКИ!$J$3<>"",$BB$2>=СОТРУДНИКИ!$I$3,$BB$2<=СОТРУДНИКИ!$J$3),"О","")),"О","") -> #VALUE! | BC4: =IF(OR(IF(AND(СОТРУДНИКИ!$C$3<>"",СОТРУДНИКИ!$D$3<>"",$BC$2>=СОТРУДНИКИ!$C$3,$BC$2<=СОТРУДНИКИ!$D$3),"О",""),IF(AND(СОТРУДНИКИ!$F$3<>"",СОТРУДНИКИ!$G$3<>"",$BC$2>=СОТРУДНИКИ!$F$3,$BC$2<=СОТРУДНИКИ!$G$3),"О",""),IF(AND(СОТРУДНИКИ!$I$3<>"",СОТРУДНИКИ!$J$3<>"",$BC$2>=СОТРУДНИКИ!$I$3,$BC$2<=СОТРУДНИКИ!$J$3),"О","")),"О","") -> #VALUE! | BD4: =IF(OR(IF(AND(СОТРУДНИКИ!$C$3<>"",СОТРУДНИКИ!$D$3<>"",$BD$2>=СОТРУДНИКИ!$C$3,$BD$2<=СОТРУДНИКИ!$D$3),"О",""),IF(AND(СОТРУДНИКИ!$F$3<>"",СОТРУДНИКИ!$G$3<>"",$BD$2>=СОТРУДНИКИ!$F$3,$BD$2<=СОТРУДНИКИ!$G$3),"О",""),IF(AND(СОТРУДНИКИ!$I$3<>"",СОТРУДНИКИ!$J$3<>"",$BD$2>=СОТРУДНИКИ!$I$3,$BD$2<=СОТРУДНИКИ!$J$3),"О","")),"О","") -> #VALUE! | BE4: =IF(OR(IF(AND(СОТРУДНИКИ!$C$3<>"",СОТРУДНИКИ!$D$3<>"",$BE$2>=СОТРУДНИКИ!$C$3,$BE$2<=СОТРУДНИКИ!$D$3),"О",""),IF(AND(СОТРУДНИКИ!$F$3<>"",СОТРУДНИКИ!$G$3<>"",$BE$2>=СОТРУДНИКИ!$F$3,$BE$2<=СОТРУДНИКИ!$G$3),"О",""),IF(AND(СОТРУДНИКИ!$I$3<>"",СОТРУДНИКИ!$J$3<>"",$BE$2>=СОТРУДНИКИ!$I$3,$BE$2<=СОТРУДНИКИ!$J$3),"О","")),"О","") -> #VALUE! | BF4: =IF(OR(IF(AND(СОТРУДНИКИ!$C$3<>"",СОТРУДНИКИ!$D$3<>"",$BF$2>=СОТРУДНИКИ!$C$3,$BF$2<=СОТРУДНИКИ!$D$3),"О",""),IF(AND(СОТРУДНИКИ!$F$3<>"",СОТРУДНИКИ!$G$3<>"",$BF$2>=СОТРУДНИКИ!$F$3,$BF$2<=СОТРУДНИКИ!$G$3),"О",""),IF(AND(СОТРУДНИКИ!$I$3<>"",СОТРУДНИКИ!$J$3<>"",$BF$2>=СОТРУДНИКИ!$I$3,$BF$2<=СОТРУДНИКИ!$J$3),"О","")),"О","") -> #VALUE! | BG4: =IF(OR(IF(AND(СОТРУДНИКИ!$C$3<>"",СОТРУДНИКИ!$D$3<>"",$BG$2>=СОТРУДНИКИ!$C$3,$BG$2<=СОТРУДНИКИ!$D$3),"О",""),IF(AND(СОТРУДНИКИ!$F$3<>"",СОТРУДНИКИ!$G$3<>"",$BG$2>=СОТРУДНИКИ!$F$3,$BG$2<=СОТРУДНИКИ!$G$3),"О",""),IF(AND(СОТРУДНИКИ!$I$3<>"",СОТРУДНИКИ!$J$3<>"",$BG$2>=СОТРУДНИКИ!$I$3,$BG$2<=СОТРУДНИКИ!$J$3),"О","")),"О","") -> #VALUE! | BH4: =IF(OR(IF(AND(СОТРУДНИКИ!$C$3<>"",СОТРУДНИКИ!$D$3<>"",$BH$2>=СОТРУДНИКИ!$C$3,$BH$2<=СОТРУДНИКИ!$D$3),"О",""),IF(AND(СОТРУДНИКИ!$F$3<>"",СОТРУДНИКИ!$G$3<>"",$BH$2>=СОТРУДНИКИ!$F$3,$BH$2<=СОТРУДНИКИ!$G$3),"О",""),IF(AND(СОТРУДНИКИ!$I$3<>"",СОТРУДНИКИ!$J$3<>"",$BH$2>=СОТРУДНИКИ!$I$3,$BH$2<=СОТРУДНИКИ!$J$3),"О","")),"О","") -> #VALUE! | BI4: =IF(OR(IF(AND(СОТРУДНИКИ!$C$3<>"",СОТРУДНИКИ!$D$3<>"",$BI$2>=СОТРУДНИКИ!$C$3,$BI$2<=СОТРУДНИКИ!$D$3),"О",""),IF(AND(СОТРУДНИКИ!$F$3<>"",СОТРУДНИКИ!$G$3<>"",$BI$2>=СОТРУДНИКИ!$F$3,$BI$2<=СОТРУДНИКИ!$G$3),"О",""),IF(AND(СОТРУДНИКИ!$I$3<>"",СОТРУДНИКИ!$J$3<>"",$BI$2>=СОТРУДНИКИ!$I$3,$BI$2<=СОТРУДНИКИ!$J$3),"О","")),"О","") -> #VALUE! | BJ4: =IF(OR(IF(AND(СОТРУДНИКИ!$C$3<>"",СОТРУДНИКИ!$D$3<>"",$BJ$2>=СОТРУДНИКИ!$C$3,$BJ$2<=СОТРУДНИКИ!$D$3),"О",""),IF(AND(СОТРУДНИКИ!$F$3<>"",СОТРУДНИКИ!$G$3<>"",$BJ$2>=СОТРУДНИКИ!$F$3,$BJ$2<=СОТРУДНИКИ!$G$3),"О",""),IF(AND(СОТРУДНИКИ!$I$3<>"",СОТРУДНИКИ!$J$3<>"",$BJ$2>=СОТРУДНИКИ!$I$3,$BJ$2<=СОТРУДНИКИ!$J$3),"О","")),"О","") -> #VALUE! | BK4: =IF(OR(IF(AND(СОТРУДНИКИ!$C$3<>"",СОТРУДНИКИ!$D$3<>"",$BK$2>=СОТРУДНИКИ!$C$3,$BK$2<=СОТРУДНИКИ!$D$3),"О",""),IF(AND(СОТРУДНИКИ!$F$3<>"",СОТРУДНИКИ!$G$3<>"",$BK$2>=СОТРУДНИКИ!$F$3,$BK$2<=СОТРУДНИКИ!$G$3),"О",""),IF(AND(СОТРУДНИКИ!$I$3<>"",СОТРУДНИКИ!$J$3<>"",$BK$2>=СОТРУДНИКИ!$I$3,$BK$2<=СОТРУДНИКИ!$J$3),"О","")),"О","") -> #VALUE! | BL4: =IF(OR(IF(AND(СОТРУДНИКИ!$C$3<>"",СОТРУДНИКИ!$D$3<>"",$BL$2>=СОТРУДНИКИ!$C$3,$BL$2<=СОТРУДНИКИ!$D$3),"О",""),IF(AND(СОТРУДНИКИ!$F$3<>"",СОТРУДНИКИ!$G$3<>"",$BL$2>=СОТРУДНИКИ!$F$3,$BL$2<=СОТРУДНИКИ!$G$3),"О",""),IF(AND(СОТРУДНИКИ!$I$3<>"",СОТРУДНИКИ!$J$3<>"",$BL$2>=СОТРУДНИКИ!$I$3,$BL$2<=СОТРУДНИКИ!$J$3),"О","")),"О","") -> #VALUE! | BM4: =IF(OR(IF(AND(СОТРУДНИКИ!$C$3<>"",СОТРУДНИКИ!$D$3<>"",$BM$2>=СОТРУДНИКИ!$C$3,$BM$2<=СОТРУДНИКИ!$D$3),"О",""),IF(AND(СОТРУДНИКИ!$F$3<>"",СОТРУДНИКИ!$G$3<>"",$BM$2>=СОТРУДНИКИ!$F$3,$BM$2<=СОТРУДНИКИ!$G$3),"О",""),IF(AND(СОТРУДНИКИ!$I$3<>"",СОТРУДНИКИ!$J$3<>"",$BM$2>=СОТРУДНИКИ!$I$3,$BM$2<=СОТРУДНИКИ!$J$3),"О","")),"О","") -> #VALUE! | BN4: =IF(OR(IF(AND(СОТРУДНИКИ!$C$3<>"",СОТРУДНИКИ!$D$3<>"",$BN$2>=СОТРУДНИКИ!$C$3,$BN$2<=СОТРУДНИКИ!$D$3),"О",""),IF(AND(СОТРУДНИКИ!$F$3<>"",СОТРУДНИКИ!$G$3<>"",$BN$2>=СОТРУДНИКИ!$F$3,$BN$2<=СОТРУДНИКИ!$G$3),"О",""),IF(AND(СОТРУДНИКИ!$I$3<>"",СОТРУДНИКИ!$J$3<>"",$BN$2>=СОТРУДНИКИ!$I$3,$BN$2<=СОТРУДНИКИ!$J$3),"О","")),"О","") -> #VALUE! | BO4: =IF(OR(IF(AND(СОТРУДНИКИ!$C$3<>"",СОТРУДНИКИ!$D$3<>"",$BO$2>=СОТРУДНИКИ!$C$3,$BO$2<=СОТРУДНИКИ!$D$3),"О",""),IF(AND(СОТРУДНИКИ!$F$3<>"",СОТРУДНИКИ!$G$3<>"",$BO$2>=СОТРУДНИКИ!$F$3,$BO$2<=СОТРУДНИКИ!$G$3),"О",""),IF(AND(СОТРУДНИКИ!$I$3<>"",СОТРУДНИКИ!$J$3<>"",$BO$2>=СОТРУДНИКИ!$I$3,$BO$2<=СОТРУДНИКИ!$J$3),"О","")),"О","") -> #VALUE! | BP4: =IF(OR(IF(AND(СОТРУДНИКИ!$C$3<>"",СОТРУДНИКИ!$D$3<>"",$BP$2>=СОТРУДНИКИ!$C$3,$BP$2<=СОТРУДНИКИ!$D$3),"О",""),IF(AND(СОТРУДНИКИ!$F$3<>"",СОТРУДНИКИ!$G$3<>"",$BP$2>=СОТРУДНИКИ!$F$3,$BP$2<=СОТРУДНИКИ!$G$3),"О",""),IF(AND(СОТРУДНИКИ!$I$3<>"",СОТРУДНИКИ!$J$3<>"",$BP$2>=СОТРУДНИКИ!$I$3,$BP$2<=СОТРУДНИКИ!$J$3),"О","")),"О","") -> #VALUE! | BQ4: =IF(OR(IF(AND(СОТРУДНИКИ!$C$3<>"",СОТРУДНИКИ!$D$3<>"",$BQ$2>=СОТРУДНИКИ!$C$3,$BQ$2<=СОТРУДНИКИ!$D$3),"О",""),IF(AND(СОТРУДНИКИ!$F$3<>"",СОТРУДНИКИ!$G$3<>"",$BQ$2>=СОТРУДНИКИ!$F$3,$BQ$2<=СОТРУДНИКИ!$G$3),"О",""),IF(AND(СОТРУДНИКИ!$I$3<>"",СОТРУДНИКИ!$J$3<>"",$BQ$2>=СОТРУДНИКИ!$I$3,$BQ$2<=СОТРУДНИКИ!$J$3),"О","")),"О","") -> #VALUE! | BR4: =IF(OR(IF(AND(СОТРУДНИКИ!$C$3<>"",СОТРУДНИКИ!$D$3<>"",$BR$2>=СОТРУДНИКИ!$C$3,$BR$2<=СОТРУДНИКИ!$D$3),"О",""),IF(AND(СОТРУДНИКИ!$F$3<>"",СОТРУДНИКИ!$G$3<>"",$BR$2>=СОТРУДНИКИ!$F$3,$BR$2<=СОТРУДНИКИ!$G$3),"О",""),IF(AND(СОТРУДНИКИ!$I$3<>"",СОТРУДНИКИ!$J$3<>"",$BR$2>=СОТРУДНИКИ!$I$3,$BR$2<=СОТРУДНИКИ!$J$3),"О","")),"О","") -> #VALUE! | BS4: =IF(OR(IF(AND(СОТРУДНИКИ!$C$3<>"",СОТРУДНИКИ!$D$3<>"",$BS$2>=СОТРУДНИКИ!$C$3,$BS$2<=СОТРУДНИКИ!$D$3),"О",""),IF(AND(СОТРУДНИКИ!$F$3<>"",СОТРУДНИКИ!$G$3<>"",$BS$2>=СОТРУДНИКИ!$F$3,$BS$2<=СОТРУДНИКИ!$G$3),"О",""),IF(AND(СОТРУДНИКИ!$I$3<>"",СОТРУДНИКИ!$J$3<>"",$BS$2>=СОТРУДНИКИ!$I$3,$BS$2<=СОТРУДНИКИ!$J$3),"О","")),"О","") -> #VALUE! | BT4: =IF(OR(IF(AND(СОТРУДНИКИ!$C$3<>"",СОТРУДНИКИ!$D$3<>"",$BT$2>=СОТРУДНИКИ!$C$3,$BT$2<=СОТРУДНИКИ!$D$3),"О",""),IF(AND(СОТРУДНИКИ!$F$3<>"",СОТРУДНИКИ!$G$3<>"",$BT$2>=СОТРУДНИКИ!$F$3,$BT$2<=СОТРУДНИКИ!$G$3),"О",""),IF(AND(СОТРУДНИКИ!$I$3<>"",СОТРУДНИКИ!$J$3<>"",$BT$2>=СОТРУДНИКИ!$I$3,$BT$2<=СОТРУДНИКИ!$J$3),"О","")),"О","") -> #VALUE! | BU4: =IF(OR(IF(AND(СОТРУДНИКИ!$C$3<>"",СОТРУДНИКИ!$D$3<>"",$BU$2>=СОТРУДНИКИ!$C$3,$BU$2<=СОТРУДНИКИ!$D$3),"О",""),IF(AND(СОТРУДНИКИ!$F$3<>"",СОТРУДНИКИ!$G$3<>"",$BU$2>=СОТРУДНИКИ!$F$3,$BU$2<=СОТРУДНИКИ!$G$3),"О",""),IF(AND(СОТРУДНИКИ!$I$3<>"",СОТРУДНИКИ!$J$3<>"",$BU$2>=СОТРУДНИКИ!$I$3,$BU$2<=СОТРУДНИКИ!$J$3),"О","")),"О","") -> #VALUE! | BV4: =IF(OR(IF(AND(СОТРУДНИКИ!$C$3<>"",СОТРУДНИКИ!$D$3<>"",$BV$2>=СОТРУДНИКИ!$C$3,$BV$2<=СОТРУДНИКИ!$D$3),"О",""),IF(AND(СОТРУДНИКИ!$F$3<>"",СОТРУДНИКИ!$G$3<>"",$BV$2>=СОТРУДНИКИ!$F$3,$BV$2<=СОТРУДНИКИ!$G$3),"О",""),IF(AND(СОТРУДНИКИ!$I$3<>"",СОТРУДНИКИ!$J$3<>"",$BV$2>=СОТРУДНИКИ!$I$3,$BV$2<=СОТРУДНИКИ!$J$3),"О","")),"О","") -> #VALUE! | BW4: =IF(OR(IF(AND(СОТРУДНИКИ!$C$3<>"",СОТРУДНИКИ!$D$3<>"",$BW$2>=СОТРУДНИКИ!$C$3,$BW$2<=СОТРУДНИКИ!$D$3),"О",""),IF(AND(СОТРУДНИКИ!$F$3<>"",СОТРУДНИКИ!$G$3<>"",$BW$2>=СОТРУДНИКИ!$F$3,$BW$2<=СОТРУДНИКИ!$G$3),"О",""),IF(AND(СОТРУДНИКИ!$I$3<>"",СОТРУДНИКИ!$J$3<>"",$BW$2>=СОТРУДНИКИ!$I$3,$BW$2<=СОТРУДНИКИ!$J$3),"О","")),"О","") -> #VALUE! | BX4: =IF(OR(IF(AND(СОТРУДНИКИ!$C$3<>"",СОТРУДНИКИ!$D$3<>"",$BX$2>=СОТРУДНИКИ!$C$3,$BX$2<=СОТРУДНИКИ!$D$3),"О",""),IF(AND(СОТРУДНИКИ!$F$3<>"",СОТРУДНИКИ!$G$3<>"",$BX$2>=СОТРУДНИКИ!$F$3,$BX$2<=СОТРУДНИКИ!$G$3),"О",""),IF(AND(СОТРУДНИКИ!$I$3<>"",СОТРУДНИКИ!$J$3<>"",$BX$2>=СОТРУДНИКИ!$I$3,$BX$2<=СОТРУДНИКИ!$J$3),"О","")),"О","") -> #VALUE! | BY4: =IF(OR(IF(AND(СОТРУДНИКИ!$C$3<>"",СОТРУДНИКИ!$D$3<>"",$BY$2>=СОТРУДНИКИ!$C$3,$BY$2<=СОТРУДНИКИ!$D$3),"О",""),IF(AND(СОТРУДНИКИ!$F$3<>"",СОТРУДНИКИ!$G$3<>"",$BY$2>=СОТРУДНИКИ!$F$3,$BY$2<=СОТРУДНИКИ!$G$3),"О",""),IF(AND(СОТРУДНИКИ!$I$3<>"",СОТРУДНИКИ!$J$3<>"",$BY$2>=СОТРУДНИКИ!$I$3,$BY$2<=СОТРУДНИКИ!$J$3),"О","")),"О","") -> #VALUE! | BZ4: =IF(OR(IF(AND(СОТРУДНИКИ!$C$3<>"",СОТРУДНИКИ!$D$3<>"",$BZ$2>=СОТРУДНИКИ!$C$3,$BZ$2<=СОТРУДНИКИ!$D$3),"О",""),IF(AND(СОТРУДНИКИ!$F$3<>"",СОТРУДНИКИ!$G$3<>"",$BZ$2>=СОТРУДНИКИ!$F$3,$BZ$2<=СОТРУДНИКИ!$G$3),"О",""),IF(AND(СОТРУДНИКИ!$I$3<>"",СОТРУДНИКИ!$J$3<>"",$BZ$2>=СОТРУДНИКИ!$I$3,$BZ$2<=СОТРУДНИКИ!$J$3),"О","")),"О","") -> #VALUE! | CA4: =IF(OR(IF(AND(СОТРУДНИКИ!$C$3<>"",СОТРУДНИКИ!$D$3<>"",$CA$2>=СОТРУДНИКИ!$C$3,$CA$2<=СОТРУДНИКИ!$D$3),"О",""),IF(AND(СОТРУДНИКИ!$F$3<>"",СОТРУДНИКИ!$G$3<>"",$CA$2>=СОТРУДНИКИ!$F$3,$CA$2<=СОТРУДНИКИ!$G$3),"О",""),IF(AND(СОТРУДНИКИ!$I$3<>"",СОТРУДНИКИ!$J$3<>"",$CA$2>=СОТРУДНИКИ!$I$3,$CA$2<=СОТРУДНИКИ!$J$3),"О","")),"О","") -> #VALUE! | CB4: =IF(OR(IF(AND(СОТРУДНИКИ!$C$3<>"",СОТРУДНИКИ!$D$3<>"",$CB$2>=СОТРУДНИКИ!$C$3,$CB$2<=СОТРУДНИКИ!$D$3),"О",""),IF(AND(СОТРУДНИКИ!$F$3<>"",СОТРУДНИКИ!$G$3<>"",$CB$2>=СОТРУДНИКИ!$F$3,$CB$2<=СОТРУДНИКИ!$G$3),"О",""),IF(AND(СОТРУДНИКИ!$I$3<>"",СОТРУДНИКИ!$J$3<>"",$CB$2>=СОТРУДНИКИ!$I$3,$CB$2<=СОТРУДНИКИ!$J$3),"О","")),"О","") -> #VALUE! | CC4: =IF(OR(IF(AND(СОТРУДНИКИ!$C$3<>"",СОТРУДНИКИ!$D$3<>"",$CC$2>=СОТРУДНИКИ!$C$3,$CC$2<=СОТРУДНИКИ!$D$3),"О",""),IF(AND(СОТРУДНИКИ!$F$3<>"",СОТРУДНИКИ!$G$3<>"",$CC$2>=СОТРУДНИКИ!$F$3,$CC$2<=СОТРУДНИКИ!$G$3),"О",""),IF(AND(СОТРУДНИКИ!$I$3<>"",СОТРУДНИКИ!$J$3<>"",$CC$2>=СОТРУДНИКИ!$I$3,$CC$2<=СОТРУДНИКИ!$J$3),"О","")),"О","") -> #VALUE! | CD4: =IF(OR(IF(AND(СОТРУДНИКИ!$C$3<>"",СОТРУДНИКИ!$D$3<>"",$CD$2>=СОТРУДНИКИ!$C$3,$CD$2<=СОТРУДНИКИ!$D$3),"О",""),IF(AND(СОТРУДНИКИ!$F$3<>"",СОТРУДНИКИ!$G$3<>"",$CD$2>=СОТРУДНИКИ!$F$3,$CD$2<=СОТРУДНИКИ!$G$3),"О",""),IF(AND(СОТРУДНИКИ!$I$3<>"",СОТРУДНИКИ!$J$3<>"",$CD$2>=СОТРУДНИКИ!$I$3,$CD$2<=СОТРУДНИКИ!$J$3),"О","")),"О","") -> #VALUE! | CE4: =IF(OR(IF(AND(СОТРУДНИКИ!$C$3<>"",СОТРУДНИКИ!$D$3<>"",$CE$2>=СОТРУДНИКИ!$C$3,$CE$2<=СОТРУДНИКИ!$D$3),"О",""),IF(AND(СОТРУДНИКИ!$F$3<>"",СОТРУДНИКИ!$G$3<>"",$CE$2>=СОТРУДНИКИ!$F$3,$CE$2<=СОТРУДНИКИ!$G$3),"О",""),IF(AND(СОТРУДНИКИ!$I$3<>"",СОТРУДНИКИ!$J$3<>"",$CE$2>=СОТРУДНИКИ!$I$3,$CE$2<=СОТРУДНИКИ!$J$3),"О","")),"О","") -> #VALUE! | CF4: =IF(OR(IF(AND(СОТРУДНИКИ!$C$3<>"",СОТРУДНИКИ!$D$3<>"",$CF$2>=СОТРУДНИКИ!$C$3,$CF$2<=СОТРУДНИКИ!$D$3),"О",""),IF(AND(СОТРУДНИКИ!$F$3<>"",СОТРУДНИКИ!$G$3<>"",$CF$2>=СОТРУДНИКИ!$F$3,$CF$2<=СОТРУДНИКИ!$G$3),"О",""),IF(AND(СОТРУДНИКИ!$I$3<>"",СОТРУДНИКИ!$J$3<>"",$CF$2>=СОТРУДНИКИ!$I$3,$CF$2<=СОТРУДНИКИ!$J$3),"О","")),"О","") -> #VALUE! | CG4: =IF(OR(IF(AND(СОТРУДНИКИ!$C$3<>"",СОТРУДНИКИ!$D$3<>"",$CG$2>=СОТРУДНИКИ!$C$3,$CG$2<=СОТРУДНИКИ!$D$3),"О",""),IF(AND(СОТРУДНИКИ!$F$3<>"",СОТРУДНИКИ!$G$3<>"",$CG$2>=СОТРУДНИКИ!$F$3,$CG$2<=СОТРУДНИКИ!$G$3),"О",""),IF(AND(СОТРУДНИКИ!$I$3<>"",СОТРУДНИКИ!$J$3<>"",$CG$2>=СОТРУДНИКИ!$I$3,$CG$2<=СОТРУДНИКИ!$J$3),"О","")),"О","") -> #VALUE! | CH4: =IF(OR(IF(AND(СОТРУДНИКИ!$C$3<>"",СОТРУДНИКИ!$D$3<>"",$CH$2>=СОТРУДНИКИ!$C$3,$CH$2<=СОТРУДНИКИ!$D$3),"О",""),IF(AND(СОТРУДНИКИ!$F$3<>"",СОТРУДНИКИ!$G$3<>"",$CH$2>=СОТРУДНИКИ!$F$3,$CH$2<=СОТРУДНИКИ!$G$3),"О",""),IF(AND(СОТРУДНИКИ!$I$3<>"",СОТРУДНИКИ!$J$3<>"",$CH$2>=СОТРУДНИКИ!$I$3,$CH$2<=СОТРУДНИКИ!$J$3),"О","")),"О","") -> #VALUE! | CI4: =IF(OR(IF(AND(СОТРУДНИКИ!$C$3<>"",СОТРУДНИКИ!$D$3<>"",$CI$2>=СОТРУДНИКИ!$C$3,$CI$2<=СОТРУДНИКИ!$D$3),"О",""),IF(AND(СОТРУДНИКИ!$F$3<>"",СОТРУДНИКИ!$G$3<>"",$CI$2>=СОТРУДНИКИ!$F$3,$CI$2<=СОТРУДНИКИ!$G$3),"О",""),IF(AND(СОТРУДНИКИ!$I$3<>"",СОТРУДНИКИ!$J$3<>"",$CI$2>=СОТРУДНИКИ!$I$3,$CI$2<=СОТРУДНИКИ!$J$3),"О","")),"О","") -> #VALUE! | CJ4: =IF(OR(IF(AND(СОТРУДНИКИ!$C$3<>"",СОТРУДНИКИ!$D$3<>"",$CJ$2>=СОТРУДНИКИ!$C$3,$CJ$2<=СОТРУДНИКИ!$D$3),"О",""),IF(AND(СОТРУДНИКИ!$F$3<>"",СОТРУДНИКИ!$G$3<>"",$CJ$2>=СОТРУДНИКИ!$F$3,$CJ$2<=СОТРУДНИКИ!$G$3),"О",""),IF(AND(СОТРУДНИКИ!$I$3<>"",СОТРУДНИКИ!$J$3<>"",$CJ$2>=СОТРУДНИКИ!$I$3,$CJ$2<=СОТРУДНИКИ!$J$3),"О","")),"О","") -> #VALUE! | CK4: =IF(OR(IF(AND(СОТРУДНИКИ!$C$3<>"",СОТРУДНИКИ!$D$3<>"",$CK$2>=СОТРУДНИКИ!$C$3,$CK$2<=СОТРУДНИКИ!$D$3),"О",""),IF(AND(СОТРУДНИКИ!$F$3<>"",СОТРУДНИКИ!$G$3<>"",$CK$2>=СОТРУДНИКИ!$F$3,$CK$2<=СОТРУДНИКИ!$G$3),"О",""),IF(AND(СОТРУДНИКИ!$I$3<>"",СОТРУДНИКИ!$J$3<>"",$CK$2>=СОТРУДНИКИ!$I$3,$CK$2<=СОТРУДНИКИ!$J$3),"О","")),"О","") -> #VALUE! | CL4: =IF(OR(IF(AND(СОТРУДНИКИ!$C$3<>"",СОТРУДНИКИ!$D$3<>"",$CL$2>=СОТРУДНИКИ!$C$3,$CL$2<=СОТРУДНИКИ!$D$3),"О",""),IF(AND(СОТРУДНИКИ!$F$3<>"",СОТРУДНИКИ!$G$3<>"",$CL$2>=СОТРУДНИКИ!$F$3,$CL$2<=СОТРУДНИКИ!$G$3),"О",""),IF(AND(СОТРУДНИКИ!$I$3<>"",СОТРУДНИКИ!$J$3<>"",$CL$2>=СОТРУДНИКИ!$I$3,$CL$2<=СОТРУДНИКИ!$J$3),"О","")),"О","") -> #VALUE! | CM4: =IF(OR(IF(AND(СОТРУДНИКИ!$C$3<>"",СОТРУДНИКИ!$D$3<>"",$CM$2>=СОТРУДНИКИ!$C$3,$CM$2<=СОТРУДНИКИ!$D$3),"О",""),IF(AND(СОТРУДНИКИ!$F$3<>"",СОТРУДНИКИ!$G$3<>"",$CM$2>=СОТРУДНИКИ!$F$3,$CM$2<=СОТРУДНИКИ!$G$3),"О",""),IF(AND(СОТРУДНИКИ!$I$3<>"",СОТРУДНИКИ!$J$3<>"",$CM$2>=СОТРУДНИКИ!$I$3,$CM$2<=СОТРУДНИКИ!$J$3),"О","")),"О","") -> #VALUE! | CN4: =IF(OR(IF(AND(СОТРУДНИКИ!$C$3<>"",СОТРУДНИКИ!$D$3<>"",$CN$2>=СОТРУДНИКИ!$C$3,$CN$2<=СОТРУДНИКИ!$D$3),"О",""),IF(AND(СОТРУДНИКИ!$F$3<>"",СОТРУДНИКИ!$G$3<>"",$CN$2>=СОТРУДНИКИ!$F$3,$CN$2<=СОТРУДНИКИ!$G$3),"О",""),IF(AND(СОТРУДНИКИ!$I$3<>"",СОТРУДНИКИ!$J$3<>"",$CN$2>=СОТРУДНИКИ!$I$3,$CN$2<=СОТРУДНИКИ!$J$3),"О","")),"О","") -> #VALUE! | CO4: =IF(OR(IF(AND(СОТРУДНИКИ!$C$3<>"",СОТРУДНИКИ!$D$3<>"",$CO$2>=СОТРУДНИКИ!$C$3,$CO$2<=СОТРУДНИКИ!$D$3),"О",""),IF(AND(СОТРУДНИКИ!$F$3<>"",СОТРУДНИКИ!$G$3<>"",$CO$2>=СОТРУДНИКИ!$F$3,$CO$2<=СОТРУДНИКИ!$G$3),"О",""),IF(AND(СОТРУДНИКИ!$I$3<>"",СОТРУДНИКИ!$J$3<>"",$CO$2>=СОТРУДНИКИ!$I$3,$CO$2<=СОТРУДНИКИ!$J$3),"О","")),"О","") -> #VALUE! | CP4: =IF(OR(IF(AND(СОТРУДНИКИ!$C$3<>"",СОТРУДНИКИ!$D$3<>"",$CP$2>=СОТРУДНИКИ!$C$3,$CP$2<=СОТРУДНИКИ!$D$3),"О",""),IF(AND(СОТРУДНИКИ!$F$3<>"",СОТРУДНИКИ!$G$3<>"",$CP$2>=СОТРУДНИКИ!$F$3,$CP$2<=СОТРУДНИКИ!$G$3),"О",""),IF(AND(СОТРУДНИКИ!$I$3<>"",СОТРУДНИКИ!$J$3<>"",$CP$2>=СОТРУДНИКИ!$I$3,$CP$2<=СОТРУДНИКИ!$J$3),"О","")),"О","") -> #VALUE! | CQ4: =IF(OR(IF(AND(СОТРУДНИКИ!$C$3<>"",СОТРУДНИКИ!$D$3<>"",$CQ$2>=СОТРУДНИКИ!$C$3,$CQ$2<=СОТРУДНИКИ!$D$3),"О",""),IF(AND(СОТРУДНИКИ!$F$3<>"",СОТРУДНИКИ!$G$3<>"",$CQ$2>=СОТРУДНИКИ!$F$3,$CQ$2<=СОТРУДНИКИ!$G$3),"О",""),IF(AND(СОТРУДНИКИ!$I$3<>"",СОТРУДНИКИ!$J$3<>"",$CQ$2>=СОТРУДНИКИ!$I$3,$CQ$2<=СОТРУДНИКИ!$J$3),"О","")),"О","") -> #VALUE! | CR4: =IF(OR(IF(AND(СОТРУДНИКИ!$C$3<>"",СОТРУДНИКИ!$D$3<>"",$CR$2>=СОТРУДНИКИ!$C$3,$CR$2<=СОТРУДНИКИ!$D$3),"О",""),IF(AND(СОТРУДНИКИ!$F$3<>"",СОТРУДНИКИ!$G$3<>"",$CR$2>=СОТРУДНИКИ!$F$3,$CR$2<=СОТРУДНИКИ!$G$3),"О",""),IF(AND(СОТРУДНИКИ!$I$3<>"",СОТРУДНИКИ!$J$3<>"",$CR$2>=СОТРУДНИКИ!$I$3,$CR$2<=СОТРУДНИКИ!$J$3),"О","")),"О","") -> #VALUE! | CS4: =IF(OR(IF(AND(СОТРУДНИКИ!$C$3<>"",СОТРУДНИКИ!$D$3<>"",$CS$2>=СОТРУДНИКИ!$C$3,$CS$2<=СОТРУДНИКИ!$D$3),"О",""),IF(AND(СОТРУДНИКИ!$F$3<>"",СОТРУДНИКИ!$G$3<>"",$CS$2>=СОТРУДНИКИ!$F$3,$CS$2<=СОТРУДНИКИ!$G$3),"О",""),IF(AND(СОТРУДНИКИ!$I$3<>"",СОТРУДНИКИ!$J$3<>"",$CS$2>=СОТРУДНИКИ!$I$3,$CS$2<=СОТРУДНИКИ!$J$3),"О","")),"О","") -> #VALUE! | CT4: =IF(OR(IF(AND(СОТРУДНИКИ!$C$3<>"",СОТРУДНИКИ!$D$3<>"",$CT$2>=СОТРУДНИКИ!$C$3,$CT$2<=СОТРУДНИКИ!$D$3),"О",""),IF(AND(СОТРУДНИКИ!$F$3<>"",СОТРУДНИКИ!$G$3<>"",$CT$2>=СОТРУДНИКИ!$F$3,$CT$2<=СОТРУДНИКИ!$G$3),"О",""),IF(AND(СОТРУДНИКИ!$I$3<>"",СОТРУДНИКИ!$J$3<>"",$CT$2>=СОТРУДНИКИ!$I$3,$CT$2<=СОТРУДНИКИ!$J$3),"О","")),"О","") -> #VALUE! | CU4: =IF(OR(IF(AND(СОТРУДНИКИ!$C$3<>"",СОТРУДНИКИ!$D$3<>"",$CU$2>=СОТРУДНИКИ!$C$3,$CU$2<=СОТРУДНИКИ!$D$3),"О",""),IF(AND(СОТРУДНИКИ!$F$3<>"",СОТРУДНИКИ!$G$3<>"",$CU$2>=СОТРУДНИКИ!$F$3,$CU$2<=СОТРУДНИКИ!$G$3),"О",""),IF(AND(СОТРУДНИКИ!$I$3<>"",СОТРУДНИКИ!$J$3<>"",$CU$2>=СОТРУДНИКИ!$I$3,$CU$2<=СОТРУДНИКИ!$J$3),"О","")),"О","") -> #VALUE! | CV4: =IF(OR(IF(AND(СОТРУДНИКИ!$C$3<>"",СОТРУДНИКИ!$D$3<>"",$CV$2>=СОТРУДНИКИ!$C$3,$CV$2<=СОТРУДНИКИ!$D$3),"О",""),IF(AND(СОТРУДНИКИ!$F$3<>"",СОТРУДНИКИ!$G$3<>"",$CV$2>=СОТРУДНИКИ!$F$3,$CV$2<=СОТРУДНИКИ!$G$3),"О",""),IF(AND(СОТРУДНИКИ!$I$3<>"",СОТРУДНИКИ!$J$3<>"",$CV$2>=СОТРУДНИКИ!$I$3,$CV$2<=СОТРУДНИКИ!$J$3),"О","")),"О","") -> #VALUE! | CW4: =IF(OR(IF(AND(СОТРУДНИКИ!$C$3<>"",СОТРУДНИКИ!$D$3<>"",$CW$2>=СОТРУДНИКИ!$C$3,$CW$2<=СОТРУДНИКИ!$D$3),"О",""),IF(AND(СОТРУДНИКИ!$F$3<>"",СОТРУДНИКИ!$G$3<>"",$CW$2>=СОТРУДНИКИ!$F$3,$CW$2<=СОТРУДНИКИ!$G$3),"О",""),IF(AND(СОТРУДНИКИ!$I$3<>"",СОТРУДНИКИ!$J$3<>"",$CW$2>=СОТРУДНИКИ!$I$3,$CW$2<=СОТРУДНИКИ!$J$3),"О","")),"О","") -> #VALUE! | CX4: =IF(OR(IF(AND(СОТРУДНИКИ!$C$3<>"",СОТРУДНИКИ!$D$3<>"",$CX$2>=СОТРУДНИКИ!$C$3,$CX$2<=СОТРУДНИКИ!$D$3),"О",""),IF(AND(СОТРУДНИКИ!$F$3<>"",СОТРУДНИКИ!$G$3<>"",$CX$2>=СОТРУДНИКИ!$F$3,$CX$2<=СОТРУДНИКИ!$G$3),"О",""),IF(AND(СОТРУДНИКИ!$I$3<>"",СОТРУДНИКИ!$J$3<>"",$CX$2>=СОТРУДНИКИ!$I$3,$CX$2<=СОТРУДНИКИ!$J$3),"О","")),"О","") -> #VALUE! | CY4: =IF(OR(IF(AND(СОТРУДНИКИ!$C$3<>"",СОТРУДНИКИ!$D$3<>"",$CY$2>=СОТРУДНИКИ!$C$3,$CY$2<=СОТРУДНИКИ!$D$3),"О",""),IF(AND(СОТРУДНИКИ!$F$3<>"",СОТРУДНИКИ!$G$3<>"",$CY$2>=СОТРУДНИКИ!$F$3,$CY$2<=СОТРУДНИКИ!$G$3),"О",""),IF(AND(СОТРУДНИКИ!$I$3<>"",СОТРУДНИКИ!$J$3<>"",$CY$2>=СОТРУДНИКИ!$I$3,$CY$2<=СОТРУДНИКИ!$J$3),"О","")),"О","") -> #VALUE! | CZ4: =IF(OR(IF(AND(СОТРУДНИКИ!$C$3<>"",СОТРУДНИКИ!$D$3<>"",$CZ$2>=СОТРУДНИКИ!$C$3,$CZ$2<=СОТРУДНИКИ!$D$3),"О",""),IF(AND(СОТРУДНИКИ!$F$3<>"",СОТРУДНИКИ!$G$3<>"",$CZ$2>=СОТРУДНИКИ!$F$3,$CZ$2<=СОТРУДНИКИ!$G$3),"О",""),IF(AND(СОТРУДНИКИ!$I$3<>"",СОТРУДНИКИ!$J$3<>"",$CZ$2>=СОТРУДНИКИ!$I$3,$CZ$2<=СОТРУДНИКИ!$J$3),"О","")),"О","") -> #VALUE! | DA4: =IF(OR(IF(AND(СОТРУДНИКИ!$C$3<>"",СОТРУДНИКИ!$D$3<>"",$DA$2>=СОТРУДНИКИ!$C$3,$DA$2<=СОТРУДНИКИ!$D$3),"О",""),IF(AND(СОТРУДНИКИ!$F$3<>"",СОТРУДНИКИ!$G$3<>"",$DA$2>=СОТРУДНИКИ!$F$3,$DA$2<=СОТРУДНИКИ!$G$3),"О",""),IF(AND(СОТРУДНИКИ!$I$3<>"",СОТРУДНИКИ!$J$3<>"",$DA$2>=СОТРУДНИКИ!$I$3,$DA$2<=СОТРУДНИКИ!$J$3),"О","")),"О","") -> #VALUE! | DB4: =IF(OR(IF(AND(СОТРУДНИКИ!$C$3<>"",СОТРУДНИКИ!$D$3<>"",$DB$2>=СОТРУДНИКИ!$C$3,$DB$2<=СОТРУДНИКИ!$D$3),"О",""),IF(AND(СОТРУДНИКИ!$F$3<>"",СОТРУДНИКИ!$G$3<>"",$DB$2>=СОТРУДНИКИ!$F$3,$DB$2<=СОТРУДНИКИ!$G$3),"О",""),IF(AND(СОТРУДНИКИ!$I$3<>"",СОТРУДНИКИ!$J$3<>"",$DB$2>=СОТРУДНИКИ!$I$3,$DB$2<=СОТРУДНИКИ!$J$3),"О","")),"О","") -> #VALUE! | DC4: =IF(OR(IF(AND(СОТРУДНИКИ!$C$3<>"",СОТРУДНИКИ!$D$3<>"",$DC$2>=СОТРУДНИКИ!$C$3,$DC$2<=СОТРУДНИКИ!$D$3),"О",""),IF(AND(СОТРУДНИКИ!$F$3<>"",СОТРУДНИКИ!$G$3<>"",$DC$2>=СОТРУДНИКИ!$F$3,$DC$2<=СОТРУДНИКИ!$G$3),"О",""),IF(AND(СОТРУДНИКИ!$I$3<>"",СОТРУДНИКИ!$J$3<>"",$DC$2>=СОТРУДНИКИ!$I$3,$DC$2<=СОТРУДНИКИ!$J$3),"О","")),"О","") -> #VALUE! | DD4: =IF(OR(IF(AND(СОТРУДНИКИ!$C$3<>"",СОТРУДНИКИ!$D$3<>"",$DD$2>=СОТРУДНИКИ!$C$3,$DD$2<=СОТРУДНИКИ!$D$3),"О",""),IF(AND(СОТРУДНИКИ!$F$3<>"",СОТРУДНИКИ!$G$3<>"",$DD$2>=СОТРУДНИКИ!$F$3,$DD$2<=СОТРУДНИКИ!$G$3),"О",""),IF(AND(СОТРУДНИКИ!$I$3<>"",СОТРУДНИКИ!$J$3<>"",$DD$2>=СОТРУДНИКИ!$I$3,$DD$2<=СОТРУДНИКИ!$J$3),"О","")),"О","") -> #VALUE! | DE4: =IF(OR(IF(AND(СОТРУДНИКИ!$C$3<>"",СОТРУДНИКИ!$D$3<>"",$DE$2>=СОТРУДНИКИ!$C$3,$DE$2<=СОТРУДНИКИ!$D$3),"О",""),IF(AND(СОТРУДНИКИ!$F$3<>"",СОТРУДНИКИ!$G$3<>"",$DE$2>=СОТРУДНИКИ!$F$3,$DE$2<=СОТРУДНИКИ!$G$3),"О",""),IF(AND(СОТРУДНИКИ!$I$3<>"",СОТРУДНИКИ!$J$3<>"",$DE$2>=СОТРУДНИКИ!$I$3,$DE$2<=СОТРУДНИКИ!$J$3),"О","")),"О","") -> #VALUE! | DF4: =IF(OR(IF(AND(СОТРУДНИКИ!$C$3<>"",СОТРУДНИКИ!$D$3<>"",$DF$2>=СОТРУДНИКИ!$C$3,$DF$2<=СОТРУДНИКИ!$D$3),"О",""),IF(AND(СОТРУДНИКИ!$F$3<>"",СОТРУДНИКИ!$G$3<>"",$DF$2>=СОТРУДНИКИ!$F$3,$DF$2<=СОТРУДНИКИ!$G$3),"О",""),IF(AND(СОТРУДНИКИ!$I$3<>"",СОТРУДНИКИ!$J$3<>"",$DF$2>=СОТРУДНИКИ!$I$3,$DF$2<=СОТРУДНИКИ!$J$3),"О","")),"О","") -> #VALUE! | DG4: =IF(OR(IF(AND(СОТРУДНИКИ!$C$3<>"",СОТРУДНИКИ!$D$3<>"",$DG$2>=СОТРУДНИКИ!$C$3,$DG$2<=СОТРУДНИКИ!$D$3),"О",""),IF(AND(СОТРУДНИКИ!$F$3<>"",СОТРУДНИКИ!$G$3<>"",$DG$2>=СОТРУДНИКИ!$F$3,$DG$2<=СОТРУДНИКИ!$G$3),"О",""),IF(AND(СОТРУДНИКИ!$I$3<>"",СОТРУДНИКИ!$J$3<>"",$DG$2>=СОТРУДНИКИ!$I$3,$DG$2<=СОТРУДНИКИ!$J$3),"О","")),"О","") -> #VALUE! | DH4: =IF(OR(IF(AND(СОТРУДНИКИ!$C$3<>"",СОТРУДНИКИ!$D$3<>"",$DH$2>=СОТРУДНИКИ!$C$3,$DH$2<=СОТРУДНИКИ!$D$3),"О",""),IF(AND(СОТРУДНИКИ!$F$3<>"",СОТРУДНИКИ!$G$3<>"",$DH$2>=СОТРУДНИКИ!$F$3,$DH$2<=СОТРУДНИКИ!$G$3),"О",""),IF(AND(СОТРУДНИКИ!$I$3<>"",СОТРУДНИКИ!$J$3<>"",$DH$2>=СОТРУДНИКИ!$I$3,$DH$2<=СОТРУДНИКИ!$J$3),"О","")),"О","") -> #VALUE! | DI4: =IF(OR(IF(AND(СОТРУДНИКИ!$C$3<>"",СОТРУДНИКИ!$D$3<>"",$DI$2>=СОТРУДНИКИ!$C$3,$DI$2<=СОТРУДНИКИ!$D$3),"О",""),IF(AND(СОТРУДНИКИ!$F$3<>"",СОТРУДНИКИ!$G$3<>"",$DI$2>=СОТРУДНИКИ!$F$3,$DI$2<=СОТРУДНИКИ!$G$3),"О",""),IF(AND(СОТРУДНИКИ!$I$3<>"",СОТРУДНИКИ!$J$3<>"",$DI$2>=СОТРУДНИКИ!$I$3,$DI$2<=СОТРУДНИКИ!$J$3),"О","")),"О","") -> #VALUE! | DJ4: =IF(OR(IF(AND(СОТРУДНИКИ!$C$3<>"",СОТРУДНИКИ!$D$3<>"",$DJ$2>=СОТРУДНИКИ!$C$3,$DJ$2<=СОТРУДНИКИ!$D$3),"О",""),IF(AND(СОТРУДНИКИ!$F$3<>"",СОТРУДНИКИ!$G$3<>"",$DJ$2>=СОТРУДНИКИ!$F$3,$DJ$2<=СОТРУДНИКИ!$G$3),"О",""),IF(AND(СОТРУДНИКИ!$I$3<>"",СОТРУДНИКИ!$J$3<>"",$DJ$2>=СОТРУДНИКИ!$I$3,$DJ$2<=СОТРУДНИКИ!$J$3),"О","")),"О","") -> #VALUE! | DK4: =IF(OR(IF(AND(СОТРУДНИКИ!$C$3<>"",СОТРУДНИКИ!$D$3<>"",$DK$2>=СОТРУДНИКИ!$C$3,$DK$2<=СОТРУДНИКИ!$D$3),"О",""),IF(AND(СОТРУДНИКИ!$F$3<>"",СОТРУДНИКИ!$G$3<>"",$DK$2>=СОТРУДНИКИ!$F$3,$DK$2<=СОТРУДНИКИ!$G$3),"О",""),IF(AND(СОТРУДНИКИ!$I$3<>"",СОТРУДНИКИ!$J$3<>"",$DK$2>=СОТРУДНИКИ!$I$3,$DK$2<=СОТРУДНИКИ!$J$3),"О","")),"О","") -> #VALUE! | DL4: =IF(OR(IF(AND(СОТРУДНИКИ!$C$3<>"",СОТРУДНИКИ!$D$3<>"",$DL$2>=СОТРУДНИКИ!$C$3,$DL$2<=СОТРУДНИКИ!$D$3),"О",""),IF(AND(СОТРУДНИКИ!$F$3<>"",СОТРУДНИКИ!$G$3<>"",$DL$2>=СОТРУДНИКИ!$F$3,$DL$2<=СОТРУДНИКИ!$G$3),"О",""),IF(AND(СОТРУДНИКИ!$I$3<>"",СОТРУДНИКИ!$J$3<>"",$DL$2>=СОТРУДНИКИ!$I$3,$DL$2<=СОТРУДНИКИ!$J$3),"О","")),"О","") -> #VALUE! | DM4: =IF(OR(IF(AND(СОТРУДНИКИ!$C$3<>"",СОТРУДНИКИ!$D$3<>"",$DM$2>=СОТРУДНИКИ!$C$3,$DM$2<=СОТРУДНИКИ!$D$3),"О",""),IF(AND(СОТРУДНИКИ!$F$3<>"",СОТРУДНИКИ!$G$3<>"",$DM$2>=СОТРУДНИКИ!$F$3,$DM$2<=СОТРУДНИКИ!$G$3),"О",""),IF(AND(СОТРУДНИКИ!$I$3<>"",СОТРУДНИКИ!$J$3<>"",$DM$2>=СОТРУДНИКИ!$I$3,$DM$2<=СОТРУДНИКИ!$J$3),"О","")),"О","") -> #VALUE! | DN4: =IF(OR(IF(AND(СОТРУДНИКИ!$C$3<>"",СОТРУДНИКИ!$D$3<>"",$DN$2>=СОТРУДНИКИ!$C$3,$DN$2<=СОТРУДНИКИ!$D$3),"О",""),IF(AND(СОТРУДНИКИ!$F$3<>"",СОТРУДНИКИ!$G$3<>"",$DN$2>=СОТРУДНИКИ!$F$3,$DN$2<=СОТРУДНИКИ!$G$3),"О",""),IF(AND(СОТРУДНИКИ!$I$3<>"",СОТРУДНИКИ!$J$3<>"",$DN$2>=СОТРУДНИКИ!$I$3,$DN$2<=СОТРУДНИКИ!$J$3),"О","")),"О","") -> #VALUE! | DO4: =IF(OR(IF(AND(СОТРУДНИКИ!$C$3<>"",СОТРУДНИКИ!$D$3<>"",$DO$2>=СОТРУДНИКИ!$C$3,$DO$2<=СОТРУДНИКИ!$D$3),"О",""),IF(AND(СОТРУДНИКИ!$F$3<>"",СОТРУДНИКИ!$G$3<>"",$DO$2>=СОТРУДНИКИ!$F$3,$DO$2<=СОТРУДНИКИ!$G$3),"О",""),IF(AND(СОТРУДНИКИ!$I$3<>"",СОТРУДНИКИ!$J$3<>"",$DO$2>=СОТРУДНИКИ!$I$3,$DO$2<=СОТРУДНИКИ!$J$3),"О","")),"О","") -> #VALUE! | DP4: =IF(OR(IF(AND(СОТРУДНИКИ!$C$3<>"",СОТРУДНИКИ!$D$3<>"",$DP$2>=СОТРУДНИКИ!$C$3,$DP$2<=СОТРУДНИКИ!$D$3),"О",""),IF(AND(СОТРУДНИКИ!$F$3<>"",СОТРУДНИКИ!$G$3<>"",$DP$2>=СОТРУДНИКИ!$F$3,$DP$2<=СОТРУДНИКИ!$G$3),"О",""),IF(AND(СОТРУДНИКИ!$I$3<>"",СОТРУДНИКИ!$J$3<>"",$DP$2>=СОТРУДНИКИ!$I$3,$DP$2<=СОТРУДНИКИ!$J$3),"О","")),"О","") -> #VALUE! | DQ4: =IF(OR(IF(AND(СОТРУДНИКИ!$C$3<>"",СОТРУДНИКИ!$D$3<>"",$DQ$2>=СОТРУДНИКИ!$C$3,$DQ$2<=СОТРУДНИКИ!$D$3),"О",""),IF(AND(СОТРУДНИКИ!$F$3<>"",СОТРУДНИКИ!$G$3<>"",$DQ$2>=СОТРУДНИКИ!$F$3,$DQ$2<=СОТРУДНИКИ!$G$3),"О",""),IF(AND(СОТРУДНИКИ!$I$3<>"",СОТРУДНИКИ!$J$3<>"",$DQ$2>=СОТРУДНИКИ!$I$3,$DQ$2<=СОТРУДНИКИ!$J$3),"О","")),"О","") -> #VALUE! | DR4: =IF(OR(IF(AND(СОТРУДНИКИ!$C$3<>"",СОТРУДНИКИ!$D$3<>"",$DR$2>=СОТРУДНИКИ!$C$3,$DR$2<=СОТРУДНИКИ!$D$3),"О",""),IF(AND(СОТРУДНИКИ!$F$3<>"",СОТРУДНИКИ!$G$3<>"",$DR$2>=СОТРУДНИКИ!$F$3,$DR$2<=СОТРУДНИКИ!$G$3),"О",""),IF(AND(СОТРУДНИКИ!$I$3<>"",СОТРУДНИКИ!$J$3<>"",$DR$2>=СОТРУДНИКИ!$I$3,$DR$2<=СОТРУДНИКИ!$J$3),"О","")),"О","") -> #VALUE! | DS4: =IF(OR(IF(AND(СОТРУДНИКИ!$C$3<>"",СОТРУДНИКИ!$D$3<>"",$DS$2>=СОТРУДНИКИ!$C$3,$DS$2<=СОТРУДНИКИ!$D$3),"О",""),IF(AND(СОТРУДНИКИ!$F$3<>"",СОТРУДНИКИ!$G$3<>"",$DS$2>=СОТРУДНИКИ!$F$3,$DS$2<=СОТРУДНИКИ!$G$3),"О",""),IF(AND(СОТРУДНИКИ!$I$3<>"",СОТРУДНИКИ!$J$3<>"",$DS$2>=СОТРУДНИКИ!$I$3,$DS$2<=СОТРУДНИКИ!$J$3),"О","")),"О","") -> #VALUE! | DT4: =IF(OR(IF(AND(СОТРУДНИКИ!$C$3<>"",СОТРУДНИКИ!$D$3<>"",$DT$2>=СОТРУДНИКИ!$C$3,$DT$2<=СОТРУДНИКИ!$D$3),"О",""),IF(AND(СОТРУДНИКИ!$F$3<>"",СОТРУДНИКИ!$G$3<>"",$DT$2>=СОТРУДНИКИ!$F$3,$DT$2<=СОТРУДНИКИ!$G$3),"О",""),IF(AND(СОТРУДНИКИ!$I$3<>"",СОТРУДНИКИ!$J$3<>"",$DT$2>=СОТРУДНИКИ!$I$3,$DT$2<=СОТРУДНИКИ!$J$3),"О","")),"О","") -> #VALUE! | DU4: =IF(OR(IF(AND(СОТРУДНИКИ!$C$3<>"",СОТРУДНИКИ!$D$3<>"",$DU$2>=СОТРУДНИКИ!$C$3,$DU$2<=СОТРУДНИКИ!$D$3),"О",""),IF(AND(СОТРУДНИКИ!$F$3<>"",СОТРУДНИКИ!$G$3<>"",$DU$2>=СОТРУДНИКИ!$F$3,$DU$2<=СОТРУДНИКИ!$G$3),"О",""),IF(AND(СОТРУДНИКИ!$I$3<>"",СОТРУДНИКИ!$J$3<>"",$DU$2>=СОТРУДНИКИ!$I$3,$DU$2<=СОТРУДНИКИ!$J$3),"О","")),"О","") -> #VALUE! | DV4: =IF(OR(IF(AND(СОТРУДНИКИ!$C$3<>"",СОТРУДНИКИ!$D$3<>"",$DV$2>=СОТРУДНИКИ!$C$3,$DV$2<=СОТРУДНИКИ!$D$3),"О",""),IF(AND(СОТРУДНИКИ!$F$3<>"",СОТРУДНИКИ!$G$3<>"",$DV$2>=СОТРУДНИКИ!$F$3,$DV$2<=СОТРУДНИКИ!$G$3),"О",""),IF(AND(СОТРУДНИКИ!$I$3<>"",СОТРУДНИКИ!$J$3<>"",$DV$2>=СОТРУДНИКИ!$I$3,$DV$2<=СОТРУДНИКИ!$J$3),"О","")),"О","") -> #VALUE! | DW4: =IF(OR(IF(AND(СОТРУДНИКИ!$C$3<>"",СОТРУДНИКИ!$D$3<>"",$DW$2>=СОТРУДНИКИ!$C$3,$DW$2<=СОТРУДНИКИ!$D$3),"О",""),IF(AND(СОТРУДНИКИ!$F$3<>"",СОТРУДНИКИ!$G$3<>"",$DW$2>=СОТРУДНИКИ!$F$3,$DW$2<=СОТРУДНИКИ!$G$3),"О",""),IF(AND(СОТРУДНИКИ!$I$3<>"",СОТРУДНИКИ!$J$3<>"",$DW$2>=СОТРУДНИКИ!$I$3,$DW$2<=СОТРУДНИКИ!$J$3),"О","")),"О","") -> #VALUE! | DX4: =IF(OR(IF(AND(СОТРУДНИКИ!$C$3<>"",СОТРУДНИКИ!$D$3<>"",$DX$2>=СОТРУДНИКИ!$C$3,$DX$2<=СОТРУДНИКИ!$D$3),"О",""),IF(AND(СОТРУДНИКИ!$F$3<>"",СОТРУДНИКИ!$G$3<>"",$DX$2>=СОТРУДНИКИ!$F$3,$DX$2<=СОТРУДНИКИ!$G$3),"О",""),IF(AND(СОТРУДНИКИ!$I$3<>"",СОТРУДНИКИ!$J$3<>"",$DX$2>=СОТРУДНИКИ!$I$3,$DX$2<=СОТРУДНИКИ!$J$3),"О","")),"О","") -> #VALUE! | DY4: =IF(OR(IF(AND(СОТРУДНИКИ!$C$3<>"",СОТРУДНИКИ!$D$3<>"",$DY$2>=СОТРУДНИКИ!$C$3,$DY$2<=СОТРУДНИКИ!$D$3),"О",""),IF(AND(СОТРУДНИКИ!$F$3<>"",СОТРУДНИКИ!$G$3<>"",$DY$2>=СОТРУДНИКИ!$F$3,$DY$2<=СОТРУДНИКИ!$G$3),"О",""),IF(AND(СОТРУДНИКИ!$I$3<>"",СОТРУДНИКИ!$J$3<>"",$DY$2>=СОТРУДНИКИ!$I$3,$DY$2<=СОТРУДНИКИ!$J$3),"О","")),"О","") -> #VALUE! | DZ4: =IF(OR(IF(AND(СОТРУДНИКИ!$C$3<>"",СОТРУДНИКИ!$D$3<>"",$DZ$2>=СОТРУДНИКИ!$C$3,$DZ$2<=СОТРУДНИКИ!$D$3),"О",""),IF(AND(СОТРУДНИКИ!$F$3<>"",СОТРУДНИКИ!$G$3<>"",$DZ$2>=СОТРУДНИКИ!$F$3,$DZ$2<=СОТРУДНИКИ!$G$3),"О",""),IF(AND(СОТРУДНИКИ!$I$3<>"",СОТРУДНИКИ!$J$3<>"",$DZ$2>=СОТРУДНИКИ!$I$3,$DZ$2<=СОТРУДНИКИ!$J$3),"О","")),"О","") -> #VALUE! | EA4: =IF(OR(IF(AND(СОТРУДНИКИ!$C$3<>"",СОТРУДНИКИ!$D$3<>"",$EA$2>=СОТРУДНИКИ!$C$3,$EA$2<=СОТРУДНИКИ!$D$3),"О",""),IF(AND(СОТРУДНИКИ!$F$3<>"",СОТРУДНИКИ!$G$3<>"",$EA$2>=СОТРУДНИКИ!$F$3,$EA$2<=СОТРУДНИКИ!$G$3),"О",""),IF(AND(СОТРУДНИКИ!$I$3<>"",СОТРУДНИКИ!$J$3<>"",$EA$2>=СОТРУДНИКИ!$I$3,$EA$2<=СОТРУДНИКИ!$J$3),"О","")),"О","") -> #VALUE! | EB4: =IF(OR(IF(AND(СОТРУДНИКИ!$C$3<>"",СОТРУДНИКИ!$D$3<>"",$EB$2>=СОТРУДНИКИ!$C$3,$EB$2<=СОТРУДНИКИ!$D$3),"О",""),IF(AND(СОТРУДНИКИ!$F$3<>"",СОТРУДНИКИ!$G$3<>"",$EB$2>=СОТРУДНИКИ!$F$3,$EB$2<=СОТРУДНИКИ!$G$3),"О",""),IF(AND(СОТРУДНИКИ!$I$3<>"",СОТРУДНИКИ!$J$3<>"",$EB$2>=СОТРУДНИКИ!$I$3,$EB$2<=СОТРУДНИКИ!$J$3),"О","")),"О","") -> #VALUE! | EC4: =IF(OR(IF(AND(СОТРУДНИКИ!$C$3<>"",СОТРУДНИКИ!$D$3<>"",$EC$2>=СОТРУДНИКИ!$C$3,$EC$2<=СОТРУДНИКИ!$D$3),"О",""),IF(AND(СОТРУДНИКИ!$F$3<>"",СОТРУДНИКИ!$G$3<>"",$EC$2>=СОТРУДНИКИ!$F$3,$EC$2<=СОТРУДНИКИ!$G$3),"О",""),IF(AND(СОТРУДНИКИ!$I$3<>"",СОТРУДНИКИ!$J$3<>"",$EC$2>=СОТРУДНИКИ!$I$3,$EC$2<=СОТРУДНИКИ!$J$3),"О","")),"О","") -> #VALUE! | ED4: =IF(OR(IF(AND(СОТРУДНИКИ!$C$3<>"",СОТРУДНИКИ!$D$3<>"",$ED$2>=СОТРУДНИКИ!$C$3,$ED$2<=СОТРУДНИКИ!$D$3),"О",""),IF(AND(СОТРУДНИКИ!$F$3<>"",СОТРУДНИКИ!$G$3<>"",$ED$2>=СОТРУДНИКИ!$F$3,$ED$2<=СОТРУДНИКИ!$G$3),"О",""),IF(AND(СОТРУДНИКИ!$I$3<>"",СОТРУДНИКИ!$J$3<>"",$ED$2>=СОТРУДНИКИ!$I$3,$ED$2<=СОТРУДНИКИ!$J$3),"О","")),"О","") -> #VALUE! | EE4: =IF(OR(IF(AND(СОТРУДНИКИ!$C$3<>"",СОТРУДНИКИ!$D$3<>"",$EE$2>=СОТРУДНИКИ!$C$3,$EE$2<=СОТРУДНИКИ!$D$3),"О",""),IF(AND(СОТРУДНИКИ!$F$3<>"",СОТРУДНИКИ!$G$3<>"",$EE$2>=СОТРУДНИКИ!$F$3,$EE$2<=СОТРУДНИКИ!$G$3),"О",""),IF(AND(СОТРУДНИКИ!$I$3<>"",СОТРУДНИКИ!$J$3<>"",$EE$2>=СОТРУДНИКИ!$I$3,$EE$2<=СОТРУДНИКИ!$J$3),"О","")),"О","") -> #VALUE! | EF4: =IF(OR(IF(AND(СОТРУДНИКИ!$C$3<>"",СОТРУДНИКИ!$D$3<>"",$EF$2>=СОТРУДНИКИ!$C$3,$EF$2<=СОТРУДНИКИ!$D$3),"О",""),IF(AND(СОТРУДНИКИ!$F$3<>"",СОТРУДНИКИ!$G$3<>"",$EF$2>=СОТРУДНИКИ!$F$3,$EF$2<=СОТРУДНИКИ!$G$3),"О",""),IF(AND(СОТРУДНИКИ!$I$3<>"",СОТРУДНИКИ!$J$3<>"",$EF$2>=СОТРУДНИКИ!$I$3,$EF$2<=СОТРУДНИКИ!$J$3),"О","")),"О","") -> #VALUE! | EG4: =IF(OR(IF(AND(СОТРУДНИКИ!$C$3<>"",СОТРУДНИКИ!$D$3<>"",$EG$2>=СОТРУДНИКИ!$C$3,$EG$2<=СОТРУДНИКИ!$D$3),"О",""),IF(AND(СОТРУДНИКИ!$F$3<>"",СОТРУДНИКИ!$G$3<>"",$EG$2>=СОТРУДНИКИ!$F$3,$EG$2<=СОТРУДНИКИ!$G$3),"О",""),IF(AND(СОТРУДНИКИ!$I$3<>"",СОТРУДНИКИ!$J$3<>"",$EG$2>=СОТРУДНИКИ!$I$3,$EG$2<=СОТРУДНИКИ!$J$3),"О","")),"О","") -> #VALUE! | EH4: =IF(OR(IF(AND(СОТРУДНИКИ!$C$3<>"",СОТРУДНИКИ!$D$3<>"",$EH$2>=СОТРУДНИКИ!$C$3,$EH$2<=СОТРУДНИКИ!$D$3),"О",""),IF(AND(СОТРУДНИКИ!$F$3<>"",СОТРУДНИКИ!$G$3<>"",$EH$2>=СОТРУДНИКИ!$F$3,$EH$2<=СОТРУДНИКИ!$G$3),"О",""),IF(AND(СОТРУДНИКИ!$I$3<>"",СОТРУДНИКИ!$J$3<>"",$EH$2>=СОТРУДНИКИ!$I$3,$EH$2<=СОТРУДНИКИ!$J$3),"О","")),"О","") -> #VALUE! | EI4: =IF(OR(IF(AND(СОТРУДНИКИ!$C$3<>"",СОТРУДНИКИ!$D$3<>"",$EI$2>=СОТРУДНИКИ!$C$3,$EI$2<=СОТРУДНИКИ!$D$3),"О",""),IF(AND(СОТРУДНИКИ!$F$3<>"",СОТРУДНИКИ!$G$3<>"",$EI$2>=СОТРУДНИКИ!$F$3,$EI$2<=СОТРУДНИКИ!$G$3),"О",""),IF(AND(СОТРУДНИКИ!$I$3<>"",СОТРУДНИКИ!$J$3<>"",$EI$2>=СОТРУДНИКИ!$I$3,$EI$2<=СОТРУДНИКИ!$J$3),"О","")),"О","") -> #VALUE! | EJ4: =IF(OR(IF(AND(СОТРУДНИКИ!$C$3<>"",СОТРУДНИКИ!$D$3<>"",$EJ$2>=СОТРУДНИКИ!$C$3,$EJ$2<=СОТРУДНИКИ!$D$3),"О",""),IF(AND(СОТРУДНИКИ!$F$3<>"",СОТРУДНИКИ!$G$3<>"",$EJ$2>=СОТРУДНИКИ!$F$3,$EJ$2<=СОТРУДНИКИ!$G$3),"О",""),IF(AND(СОТРУДНИКИ!$I$3<>"",СОТРУДНИКИ!$J$3<>"",$EJ$2>=СОТРУДНИКИ!$I$3,$EJ$2<=СОТРУДНИКИ!$J$3),"О","")),"О","") -> #VALUE! | EK4: =IF(OR(IF(AND(СОТРУДНИКИ!$C$3<>"",СОТРУДНИКИ!$D$3<>"",$EK$2>=СОТРУДНИКИ!$C$3,$EK$2<=СОТРУДНИКИ!$D$3),"О",""),IF(AND(СОТРУДНИКИ!$F$3<>"",СОТРУДНИКИ!$G$3<>"",$EK$2>=СОТРУДНИКИ!$F$3,$EK$2<=СОТРУДНИКИ!$G$3),"О",""),IF(AND(СОТРУДНИКИ!$I$3<>"",СОТРУДНИКИ!$J$3<>"",$EK$2>=СОТРУДНИКИ!$I$3,$EK$2<=СОТРУДНИКИ!$J$3),"О","")),"О","") -> #VALUE! | EL4: =IF(OR(IF(AND(СОТРУДНИКИ!$C$3<>"",СОТРУДНИКИ!$D$3<>"",$EL$2>=СОТРУДНИКИ!$C$3,$EL$2<=СОТРУДНИКИ!$D$3),"О",""),IF(AND(СОТРУДНИКИ!$F$3<>"",СОТРУДНИКИ!$G$3<>"",$EL$2>=СОТРУДНИКИ!$F$3,$EL$2<=СОТРУДНИКИ!$G$3),"О",""),IF(AND(СОТРУДНИКИ!$I$3<>"",СОТРУДНИКИ!$J$3<>"",$EL$2>=СОТРУДНИКИ!$I$3,$EL$2<=СОТРУДНИКИ!$J$3),"О","")),"О","") -> #VALUE! | EM4: =IF(OR(IF(AND(СОТРУДНИКИ!$C$3<>"",СОТРУДНИКИ!$D$3<>"",$EM$2>=СОТРУДНИКИ!$C$3,$EM$2<=СОТРУДНИКИ!$D$3),"О",""),IF(AND(СОТРУДНИКИ!$F$3<>"",СОТРУДНИКИ!$G$3<>"",$EM$2>=СОТРУДНИКИ!$F$3,$EM$2<=СОТРУДНИКИ!$G$3),"О",""),IF(AND(СОТРУДНИКИ!$I$3<>"",СОТРУДНИКИ!$J$3<>"",$EM$2>=СОТРУДНИКИ!$I$3,$EM$2<=СОТРУДНИКИ!$J$3),"О","")),"О","") -> #VALUE! | EN4: =IF(OR(IF(AND(СОТРУДНИКИ!$C$3<>"",СОТРУДНИКИ!$D$3<>"",$EN$2>=СОТРУДНИКИ!$C$3,$EN$2<=СОТРУДНИКИ!$D$3),"О",""),IF(AND(СОТРУДНИКИ!$F$3<>"",СОТРУДНИКИ!$G$3<>"",$EN$2>=СОТРУДНИКИ!$F$3,$EN$2<=СОТРУДНИКИ!$G$3),"О",""),IF(AND(СОТРУДНИКИ!$I$3<>"",СОТРУДНИКИ!$J$3<>"",$EN$2>=СОТРУДНИКИ!$I$3,$EN$2<=СОТРУДНИКИ!$J$3),"О","")),"О","") -> #VALUE! | EO4: =IF(OR(IF(AND(СОТРУДНИКИ!$C$3<>"",СОТРУДНИКИ!$D$3<>"",$EO$2>=СОТРУДНИКИ!$C$3,$EO$2<=СОТРУДНИКИ!$D$3),"О",""),IF(AND(СОТРУДНИКИ!$F$3<>"",СОТРУДНИКИ!$G$3<>"",$EO$2>=СОТРУДНИКИ!$F$3,$EO$2<=СОТРУДНИКИ!$G$3),"О",""),IF(AND(СОТРУДНИКИ!$I$3<>"",СОТРУДНИКИ!$J$3<>"",$EO$2>=СОТРУДНИКИ!$I$3,$EO$2<=СОТРУДНИКИ!$J$3),"О","")),"О","") -> #VALUE! | EP4: =IF(OR(IF(AND(СОТРУДНИКИ!$C$3<>"",СОТРУДНИКИ!$D$3<>"",$EP$2>=СОТРУДНИКИ!$C$3,$EP$2<=СОТРУДНИКИ!$D$3),"О",""),IF(AND(СОТРУДНИКИ!$F$3<>"",СОТРУДНИКИ!$G$3<>"",$EP$2>=СОТРУДНИКИ!$F$3,$EP$2<=СОТРУДНИКИ!$G$3),"О",""),IF(AND(СОТРУДНИКИ!$I$3<>"",СОТРУДНИКИ!$J$3<>"",$EP$2>=СОТРУДНИКИ!$I$3,$EP$2<=СОТРУДНИКИ!$J$3),"О","")),"О","") -> #VALUE! | EQ4: =IF(OR(IF(AND(СОТРУДНИКИ!$C$3<>"",СОТРУДНИКИ!$D$3<>"",$EQ$2>=СОТРУДНИКИ!$C$3,$EQ$2<=СОТРУДНИКИ!$D$3),"О",""),IF(AND(СОТРУДНИКИ!$F$3<>"",СОТРУДНИКИ!$G$3<>"",$EQ$2>=СОТРУДНИКИ!$F$3,$EQ$2<=СОТРУДНИКИ!$G$3),"О",""),IF(AND(СОТРУДНИКИ!$I$3<>"",СОТРУДНИКИ!$J$3<>"",$EQ$2>=СОТРУДНИКИ!$I$3,$EQ$2<=СОТРУДНИКИ!$J$3),"О","")),"О","") -> #VALUE! | ER4: =IF(OR(IF(AND(СОТРУДНИКИ!$C$3<>"",СОТРУДНИКИ!$D$3<>"",$ER$2>=СОТРУДНИКИ!$C$3,$ER$2<=СОТРУДНИКИ!$D$3),"О",""),IF(AND(СОТРУДНИКИ!$F$3<>"",СОТРУДНИКИ!$G$3<>"",$ER$2>=СОТРУДНИКИ!$F$3,$ER$2<=СОТРУДНИКИ!$G$3),"О",""),IF(AND(СОТРУДНИКИ!$I$3<>"",СОТРУДНИКИ!$J$3<>"",$ER$2>=СОТРУДНИКИ!$I$3,$ER$2<=СОТРУДНИКИ!$J$3),"О","")),"О","") -> #VALUE! | ES4: =IF(OR(IF(AND(СОТРУДНИКИ!$C$3<>"",СОТРУДНИКИ!$D$3<>"",$ES$2>=СОТРУДНИКИ!$C$3,$ES$2<=СОТРУДНИКИ!$D$3),"О",""),IF(AND(СОТРУДНИКИ!$F$3<>"",СОТРУДНИКИ!$G$3<>"",$ES$2>=СОТРУДНИКИ!$F$3,$ES$2<=СОТРУДНИКИ!$G$3),"О",""),IF(AND(СОТРУДНИКИ!$I$3<>"",СОТРУДНИКИ!$J$3<>"",$ES$2>=СОТРУДНИКИ!$I$3,$ES$2<=СОТРУДНИКИ!$J$3),"О","")),"О","") -> #VALUE! | ET4: =IF(OR(IF(AND(СОТРУДНИКИ!$C$3<>"",СОТРУДНИКИ!$D$3<>"",$ET$2>=СОТРУДНИКИ!$C$3,$ET$2<=СОТРУДНИКИ!$D$3),"О",""),IF(AND(СОТРУДНИКИ!$F$3<>"",СОТРУДНИКИ!$G$3<>"",$ET$2>=СОТРУДНИКИ!$F$3,$ET$2<=СОТРУДНИКИ!$G$3),"О",""),IF(AND(СОТРУДНИКИ!$I$3<>"",СОТРУДНИКИ!$J$3<>"",$ET$2>=СОТРУДНИКИ!$I$3,$ET$2<=СОТРУДНИКИ!$J$3),"О","")),"О","") -> #VALUE! | EU4: =IF(OR(IF(AND(СОТРУДНИКИ!$C$3<>"",СОТРУДНИКИ!$D$3<>"",$EU$2>=СОТРУДНИКИ!$C$3,$EU$2<=СОТРУДНИКИ!$D$3),"О",""),IF(AND(СОТРУДНИКИ!$F$3<>"",СОТРУДНИКИ!$G$3<>"",$EU$2>=СОТРУДНИКИ!$F$3,$EU$2<=СОТРУДНИКИ!$G$3),"О",""),IF(AND(СОТРУДНИКИ!$I$3<>"",СОТРУДНИКИ!$J$3<>"",$EU$2>=СОТРУДНИКИ!$I$3,$EU$2<=СОТРУДНИКИ!$J$3),"О","")),"О","") -> #VALUE! | EV4: =IF(OR(IF(AND(СОТРУДНИКИ!$C$3<>"",СОТРУДНИКИ!$D$3<>"",$EV$2>=СОТРУДНИКИ!$C$3,$EV$2<=СОТРУДНИКИ!$D$3),"О",""),IF(AND(СОТРУДНИКИ!$F$3<>"",СОТРУДНИКИ!$G$3<>"",$EV$2>=СОТРУДНИКИ!$F$3,$EV$2<=СОТРУДНИКИ!$G$3),"О",""),IF(AND(СОТРУДНИКИ!$I$3<>"",СОТРУДНИКИ!$J$3<>"",$EV$2>=СОТРУДНИКИ!$I$3,$EV$2<=СОТРУДНИКИ!$J$3),"О","")),"О","") -> #VALUE! | EW4: =IF(OR(IF(AND(СОТРУДНИКИ!$C$3<>"",СОТРУДНИКИ!$D$3<>"",$EW$2>=СОТРУДНИКИ!$C$3,$EW$2<=СОТРУДНИКИ!$D$3),"О",""),IF(AND(СОТРУДНИКИ!$F$3<>"",СОТРУДНИКИ!$G$3<>"",$EW$2>=СОТРУДНИКИ!$F$3,$EW$2<=СОТРУДНИКИ!$G$3),"О",""),IF(AND(СОТРУДНИКИ!$I$3<>"",СОТРУДНИКИ!$J$3<>"",$EW$2>=СОТРУДНИКИ!$I$3,$EW$2<=СОТРУДНИКИ!$J$3),"О","")),"О","") -> #VALUE! | EX4: =IF(OR(IF(AND(СОТРУДНИКИ!$C$3<>"",СОТРУДНИКИ!$D$3<>"",$EX$2>=СОТРУДНИКИ!$C$3,$EX$2<=СОТРУДНИКИ!$D$3),"О",""),IF(AND(СОТРУДНИКИ!$F$3<>"",СОТРУДНИКИ!$G$3<>"",$EX$2>=СОТРУДНИКИ!$F$3,$EX$2<=СОТРУДНИКИ!$G$3),"О",""),IF(AND(СОТРУДНИКИ!$I$3<>"",СОТРУДНИКИ!$J$3<>"",$EX$2>=СОТРУДНИКИ!$I$3,$EX$2<=СОТРУДНИКИ!$J$3),"О","")),"О","") -> #VALUE! | EY4: =IF(OR(IF(AND(СОТРУДНИКИ!$C$3<>"",СОТРУДНИКИ!$D$3<>"",$EY$2>=СОТРУДНИКИ!$C$3,$EY$2<=СОТРУДНИКИ!$D$3),"О",""),IF(AND(СОТРУДНИКИ!$F$3<>"",СОТРУДНИКИ!$G$3<>"",$EY$2>=СОТРУДНИКИ!$F$3,$EY$2<=СОТРУДНИКИ!$G$3),"О",""),IF(AND(СОТРУДНИКИ!$I$3<>"",СОТРУДНИКИ!$J$3<>"",$EY$2>=СОТРУДНИКИ!$I$3,$EY$2<=СОТРУДНИКИ!$J$3),"О","")),"О","") -> #VALUE! | EZ4: =IF(OR(IF(AND(СОТРУДНИКИ!$C$3<>"",СОТРУДНИКИ!$D$3<>"",$EZ$2>=СОТРУДНИКИ!$C$3,$EZ$2<=СОТРУДНИКИ!$D$3),"О",""),IF(AND(СОТРУДНИКИ!$F$3<>"",СОТРУДНИКИ!$G$3<>"",$EZ$2>=СОТРУДНИКИ!$F$3,$EZ$2<=СОТРУДНИКИ!$G$3),"О",""),IF(AND(СОТРУДНИКИ!$I$3<>"",СОТРУДНИКИ!$J$3<>"",$EZ$2>=СОТРУДНИКИ!$I$3,$EZ$2<=СОТРУДНИКИ!$J$3),"О","")),"О","") -> #VALUE! | FA4: =IF(OR(IF(AND(СОТРУДНИКИ!$C$3<>"",СОТРУДНИКИ!$D$3<>"",$FA$2>=СОТРУДНИКИ!$C$3,$FA$2<=СОТРУДНИКИ!$D$3),"О",""),IF(AND(СОТРУДНИКИ!$F$3<>"",СОТРУДНИКИ!$G$3<>"",$FA$2>=СОТРУДНИКИ!$F$3,$FA$2<=СОТРУДНИКИ!$G$3),"О",""),IF(AND(СОТРУДНИКИ!$I$3<>"",СОТРУДНИКИ!$J$3<>"",$FA$2>=СОТРУДНИКИ!$I$3,$FA$2<=СОТРУДНИКИ!$J$3),"О","")),"О","") -> #VALUE! | FB4: =IF(OR(IF(AND(СОТРУДНИКИ!$C$3<>"",СОТРУДНИКИ!$D$3<>"",$FB$2>=СОТРУДНИКИ!$C$3,$FB$2<=СОТРУДНИКИ!$D$3),"О",""),IF(AND(СОТРУДНИКИ!$F$3<>"",СОТРУДНИКИ!$G$3<>"",$FB$2>=СОТРУДНИКИ!$F$3,$FB$2<=СОТРУДНИКИ!$G$3),"О",""),IF(AND(СОТРУДНИКИ!$I$3<>"",СОТРУДНИКИ!$J$3<>"",$FB$2>=СОТРУДНИКИ!$I$3,$FB$2<=СОТРУДНИКИ!$J$3),"О","")),"О","") -> #VALUE! | FC4: =IF(OR(IF(AND(СОТРУДНИКИ!$C$3<>"",СОТРУДНИКИ!$D$3<>"",$FC$2>=СОТРУДНИКИ!$C$3,$FC$2<=СОТРУДНИКИ!$D$3),"О",""),IF(AND(СОТРУДНИКИ!$F$3<>"",СОТРУДНИКИ!$G$3<>"",$FC$2>=СОТРУДНИКИ!$F$3,$FC$2<=СОТРУДНИКИ!$G$3),"О",""),IF(AND(СОТРУДНИКИ!$I$3<>"",СОТРУДНИКИ!$J$3<>"",$FC$2>=СОТРУДНИКИ!$I$3,$FC$2<=СОТРУДНИКИ!$J$3),"О","")),"О","") -> #VALUE! | FD4: =IF(OR(IF(AND(СОТРУДНИКИ!$C$3<>"",СОТРУДНИКИ!$D$3<>"",$FD$2>=СОТРУДНИКИ!$C$3,$FD$2<=СОТРУДНИКИ!$D$3),"О",""),IF(AND(СОТРУДНИКИ!$F$3<>"",СОТРУДНИКИ!$G$3<>"",$FD$2>=СОТРУДНИКИ!$F$3,$FD$2<=СОТРУДНИКИ!$G$3),"О",""),IF(AND(СОТРУДНИКИ!$I$3<>"",СОТРУДНИКИ!$J$3<>"",$FD$2>=СОТРУДНИКИ!$I$3,$FD$2<=СОТРУДНИКИ!$J$3),"О","")),"О","") -> #VALUE! | FE4: =IF(OR(IF(AND(СОТРУДНИКИ!$C$3<>"",СОТРУДНИКИ!$D$3<>"",$FE$2>=СОТРУДНИКИ!$C$3,$FE$2<=СОТРУДНИКИ!$D$3),"О",""),IF(AND(СОТРУДНИКИ!$F$3<>"",СОТРУДНИКИ!$G$3<>"",$FE$2>=СОТРУДНИКИ!$F$3,$FE$2<=СОТРУДНИКИ!$G$3),"О",""),IF(AND(СОТРУДНИКИ!$I$3<>"",СОТРУДНИКИ!$J$3<>"",$FE$2>=СОТРУДНИКИ!$I$3,$FE$2<=СОТРУДНИКИ!$J$3),"О","")),"О","") -> #VALUE! | FF4: =IF(OR(IF(AND(СОТРУДНИКИ!$C$3<>"",СОТРУДНИКИ!$D$3<>"",$FF$2>=СОТРУДНИКИ!$C$3,$FF$2<=СОТРУДНИКИ!$D$3),"О",""),IF(AND(СОТРУДНИКИ!$F$3<>"",СОТРУДНИКИ!$G$3<>"",$FF$2>=СОТРУДНИКИ!$F$3,$FF$2<=СОТРУДНИКИ!$G$3),"О",""),IF(AND(СОТРУДНИКИ!$I$3<>"",СОТРУДНИКИ!$J$3<>"",$FF$2>=СОТРУДНИКИ!$I$3,$FF$2<=СОТРУДНИКИ!$J$3),"О","")),"О","") -> #VALUE! | FG4: =IF(OR(IF(AND(СОТРУДНИКИ!$C$3<>"",СОТРУДНИКИ!$D$3<>"",$FG$2>=СОТРУДНИКИ!$C$3,$FG$2<=СОТРУДНИКИ!$D$3),"О",""),IF(AND(СОТРУДНИКИ!$F$3<>"",СОТРУДНИКИ!$G$3<>"",$FG$2>=СОТРУДНИКИ!$F$3,$FG$2<=СОТРУДНИКИ!$G$3),"О",""),IF(AND(СОТРУДНИКИ!$I$3<>"",СОТРУДНИКИ!$J$3<>"",$FG$2>=СОТРУДНИКИ!$I$3,$FG$2<=СОТРУДНИКИ!$J$3),"О","")),"О","") -> #VALUE! | FH4: =IF(OR(IF(AND(СОТРУДНИКИ!$C$3<>"",СОТРУДНИКИ!$D$3<>"",$FH$2>=СОТРУДНИКИ!$C$3,$FH$2<=СОТРУДНИКИ!$D$3),"О",""),IF(AND(СОТРУДНИКИ!$F$3<>"",СОТРУДНИКИ!$G$3<>"",$FH$2>=СОТРУДНИКИ!$F$3,$FH$2<=СОТРУДНИКИ!$G$3),"О",""),IF(AND(СОТРУДНИКИ!$I$3<>"",СОТРУДНИКИ!$J$3<>"",$FH$2>=СОТРУДНИКИ!$I$3,$FH$2<=СОТРУДНИКИ!$J$3),"О","")),"О","") -> #VALUE! | FI4: =IF(OR(IF(AND(СОТРУДНИКИ!$C$3<>"",СОТРУДНИКИ!$D$3<>"",$FI$2>=СОТРУДНИКИ!$C$3,$FI$2<=СОТРУДНИКИ!$D$3),"О",""),IF(AND(СОТРУДНИКИ!$F$3<>"",СОТРУДНИКИ!$G$3<>"",$FI$2>=СОТРУДНИКИ!$F$3,$FI$2<=СОТРУДНИКИ!$G$3),"О",""),IF(AND(СОТРУДНИКИ!$I$3<>"",СОТРУДНИКИ!$J$3<>"",$FI$2>=СОТРУДНИКИ!$I$3,$FI$2<=СОТРУДНИКИ!$J$3),"О","")),"О","") -> #VALUE! | FJ4: =IF(OR(IF(AND(СОТРУДНИКИ!$C$3<>"",СОТРУДНИКИ!$D$3<>"",$FJ$2>=СОТРУДНИКИ!$C$3,$FJ$2<=СОТРУДНИКИ!$D$3),"О",""),IF(AND(СОТРУДНИКИ!$F$3<>"",СОТРУДНИКИ!$G$3<>"",$FJ$2>=СОТРУДНИКИ!$F$3,$FJ$2<=СОТРУДНИКИ!$G$3),"О",""),IF(AND(СОТРУДНИКИ!$I$3<>"",СОТРУДНИКИ!$J$3<>"",$FJ$2>=СОТРУДНИКИ!$I$3,$FJ$2<=СОТРУДНИКИ!$J$3),"О","")),"О","") -> #VALUE! | FK4: =IF(OR(IF(AND(СОТРУДНИКИ!$C$3<>"",СОТРУДНИКИ!$D$3<>"",$FK$2>=СОТРУДНИКИ!$C$3,$FK$2<=СОТРУДНИКИ!$D$3),"О",""),IF(AND(СОТРУДНИКИ!$F$3<>"",СОТРУДНИКИ!$G$3<>"",$FK$2>=СОТРУДНИКИ!$F$3,$FK$2<=СОТРУДНИКИ!$G$3),"О",""),IF(AND(СОТРУДНИКИ!$I$3<>"",СОТРУДНИКИ!$J$3<>"",$FK$2>=СОТРУДНИКИ!$I$3,$FK$2<=СОТРУДНИКИ!$J$3),"О","")),"О","") -> #VALUE! | FL4: =IF(OR(IF(AND(СОТРУДНИКИ!$C$3<>"",СОТРУДНИКИ!$D$3<>"",$FL$2>=СОТРУДНИКИ!$C$3,$FL$2<=СОТРУДНИКИ!$D$3),"О",""),IF(AND(СОТРУДНИКИ!$F$3<>"",СОТРУДНИКИ!$G$3<>"",$FL$2>=СОТРУДНИКИ!$F$3,$FL$2<=СОТРУДНИКИ!$G$3),"О",""),IF(AND(СОТРУДНИКИ!$I$3<>"",СОТРУДНИКИ!$J$3<>"",$FL$2>=СОТРУДНИКИ!$I$3,$FL$2<=СОТРУДНИКИ!$J$3),"О","")),"О","") -> #VALUE! | FM4: =IF(OR(IF(AND(СОТРУДНИКИ!$C$3<>"",СОТРУДНИКИ!$D$3<>"",$FM$2>=СОТРУДНИКИ!$C$3,$FM$2<=СОТРУДНИКИ!$D$3),"О",""),IF(AND(СОТРУДНИКИ!$F$3<>"",СОТРУДНИКИ!$G$3<>"",$FM$2>=СОТРУДНИКИ!$F$3,$FM$2<=СОТРУДНИКИ!$G$3),"О",""),IF(AND(СОТРУДНИКИ!$I$3<>"",СОТРУДНИКИ!$J$3<>"",$FM$2>=СОТРУДНИКИ!$I$3,$FM$2<=СОТРУДНИКИ!$J$3),"О","")),"О","") -> #VALUE! | FN4: =IF(OR(IF(AND(СОТРУДНИКИ!$C$3<>"",СОТРУДНИКИ!$D$3<>"",$FN$2>=СОТРУДНИКИ!$C$3,$FN$2<=СОТРУДНИКИ!$D$3),"О",""),IF(AND(СОТРУДНИКИ!$F$3<>"",СОТРУДНИКИ!$G$3<>"",$FN$2>=СОТРУДНИКИ!$F$3,$FN$2<=СОТРУДНИКИ!$G$3),"О",""),IF(AND(СОТРУДНИКИ!$I$3<>"",СОТРУДНИКИ!$J$3<>"",$FN$2>=СОТРУДНИКИ!$I$3,$FN$2<=СОТРУДНИКИ!$J$3),"О","")),"О","") -> #VALUE! | FO4: =IF(OR(IF(AND(СОТРУДНИКИ!$C$3<>"",СОТРУДНИКИ!$D$3<>"",$FO$2>=СОТРУДНИКИ!$C$3,$FO$2<=СОТРУДНИКИ!$D$3),"О",""),IF(AND(СОТРУДНИКИ!$F$3<>"",СОТРУДНИКИ!$G$3<>"",$FO$2>=СОТРУДНИКИ!$F$3,$FO$2<=СОТРУДНИКИ!$G$3),"О",""),IF(AND(СОТРУДНИКИ!$I$3<>"",СОТРУДНИКИ!$J$3<>"",$FO$2>=СОТРУДНИКИ!$I$3,$FO$2<=СОТРУДНИКИ!$J$3),"О","")),"О","") -> #VALUE! | FP4: =IF(OR(IF(AND(СОТРУДНИКИ!$C$3<>"",СОТРУДНИКИ!$D$3<>"",$FP$2>=СОТРУДНИКИ!$C$3,$FP$2<=СОТРУДНИКИ!$D$3),"О",""),IF(AND(СОТРУДНИКИ!$F$3<>"",СОТРУДНИКИ!$G$3<>"",$FP$2>=СОТРУДНИКИ!$F$3,$FP$2<=СОТРУДНИКИ!$G$3),"О",""),IF(AND(СОТРУДНИКИ!$I$3<>"",СОТРУДНИКИ!$J$3<>"",$FP$2>=СОТРУДНИКИ!$I$3,$FP$2<=СОТРУДНИКИ!$J$3),"О","")),"О","") -> #VALUE! | FQ4: =IF(OR(IF(AND(СОТРУДНИКИ!$C$3<>"",СОТРУДНИКИ!$D$3<>"",$FQ$2>=СОТРУДНИКИ!$C$3,$FQ$2<=СОТРУДНИКИ!$D$3),"О",""),IF(AND(СОТРУДНИКИ!$F$3<>"",СОТРУДНИКИ!$G$3<>"",$FQ$2>=СОТРУДНИКИ!$F$3,$FQ$2<=СОТРУДНИКИ!$G$3),"О",""),IF(AND(СОТРУДНИКИ!$I$3<>"",СОТРУДНИКИ!$J$3<>"",$FQ$2>=СОТРУДНИКИ!$I$3,$FQ$2<=СОТРУДНИКИ!$J$3),"О","")),"О","") -> #VALUE! | FR4: =IF(OR(IF(AND(СОТРУДНИКИ!$C$3<>"",СОТРУДНИКИ!$D$3<>"",$FR$2>=СОТРУДНИКИ!$C$3,$FR$2<=СОТРУДНИКИ!$D$3),"О",""),IF(AND(СОТРУДНИКИ!$F$3<>"",СОТРУДНИКИ!$G$3<>"",$FR$2>=СОТРУДНИКИ!$F$3,$FR$2<=СОТРУДНИКИ!$G$3),"О",""),IF(AND(СОТРУДНИКИ!$I$3<>"",СОТРУДНИКИ!$J$3<>"",$FR$2>=СОТРУДНИКИ!$I$3,$FR$2<=СОТРУДНИКИ!$J$3),"О","")),"О","") -> #VALUE! | FS4: =IF(OR(IF(AND(СОТРУДНИКИ!$C$3<>"",СОТРУДНИКИ!$D$3<>"",$FS$2>=СОТРУДНИКИ!$C$3,$FS$2<=СОТРУДНИКИ!$D$3),"О",""),IF(AND(СОТРУДНИКИ!$F$3<>"",СОТРУДНИКИ!$G$3<>"",$FS$2>=СОТРУДНИКИ!$F$3,$FS$2<=СОТРУДНИКИ!$G$3),"О",""),IF(AND(СОТРУДНИКИ!$I$3<>"",СОТРУДНИКИ!$J$3<>"",$FS$2>=СОТРУДНИКИ!$I$3,$FS$2<=СОТРУДНИКИ!$J$3),"О","")),"О","") -> #VALUE! | FT4: =IF(OR(IF(AND(СОТРУДНИКИ!$C$3<>"",СОТРУДНИКИ!$D$3<>"",$FT$2>=СОТРУДНИКИ!$C$3,$FT$2<=СОТРУДНИКИ!$D$3),"О",""),IF(AND(СОТРУДНИКИ!$F$3<>"",СОТРУДНИКИ!$G$3<>"",$FT$2>=СОТРУДНИКИ!$F$3,$FT$2<=СОТРУДНИКИ!$G$3),"О",""),IF(AND(СОТРУДНИКИ!$I$3<>"",СОТРУДНИКИ!$J$3<>"",$FT$2>=СОТРУДНИКИ!$I$3,$FT$2<=СОТРУДНИКИ!$J$3),"О","")),"О","") -> #VALUE! | FU4: =IF(OR(IF(AND(СОТРУДНИКИ!$C$3<>"",СОТРУДНИКИ!$D$3<>"",$FU$2>=СОТРУДНИКИ!$C$3,$FU$2<=СОТРУДНИКИ!$D$3),"О",""),IF(AND(СОТРУДНИКИ!$F$3<>"",СОТРУДНИКИ!$G$3<>"",$FU$2>=СОТРУДНИКИ!$F$3,$FU$2<=СОТРУДНИКИ!$G$3),"О",""),IF(AND(СОТРУДНИКИ!$I$3<>"",СОТРУДНИКИ!$J$3<>"",$FU$2>=СОТРУДНИКИ!$I$3,$FU$2<=СОТРУДНИКИ!$J$3),"О","")),"О","") -> #VALUE! | FV4: =IF(OR(IF(AND(СОТРУДНИКИ!$C$3<>"",СОТРУДНИКИ!$D$3<>"",$FV$2>=СОТРУДНИКИ!$C$3,$FV$2<=СОТРУДНИКИ!$D$3),"О",""),IF(AND(СОТРУДНИКИ!$F$3<>"",СОТРУДНИКИ!$G$3<>"",$FV$2>=СОТРУДНИКИ!$F$3,$FV$2<=СОТРУДНИКИ!$G$3),"О",""),IF(AND(СОТРУДНИКИ!$I$3<>"",СОТРУДНИКИ!$J$3<>"",$FV$2>=СОТРУДНИКИ!$I$3,$FV$2<=СОТРУДНИКИ!$J$3),"О","")),"О","") -> #VALUE! | FW4: =IF(OR(IF(AND(СОТРУДНИКИ!$C$3<>"",СОТРУДНИКИ!$D$3<>"",$FW$2>=СОТРУДНИКИ!$C$3,$FW$2<=СОТРУДНИКИ!$D$3),"О",""),IF(AND(СОТРУДНИКИ!$F$3<>"",СОТРУДНИКИ!$G$3<>"",$FW$2>=СОТРУДНИКИ!$F$3,$FW$2<=СОТРУДНИКИ!$G$3),"О",""),IF(AND(СОТРУДНИКИ!$I$3<>"",СОТРУДНИКИ!$J$3<>"",$FW$2>=СОТРУДНИКИ!$I$3,$FW$2<=СОТРУДНИКИ!$J$3),"О","")),"О","") -> #VALUE! | FX4: =IF(OR(IF(AND(СОТРУДНИКИ!$C$3<>"",СОТРУДНИКИ!$D$3<>"",$FX$2>=СОТРУДНИКИ!$C$3,$FX$2<=СОТРУДНИКИ!$D$3),"О",""),IF(AND(СОТРУДНИКИ!$F$3<>"",СОТРУДНИКИ!$G$3<>"",$FX$2>=СОТРУДНИКИ!$F$3,$FX$2<=СОТРУДНИКИ!$G$3),"О",""),IF(AND(СОТРУДНИКИ!$I$3<>"",СОТРУДНИКИ!$J$3<>"",$FX$2>=СОТРУДНИКИ!$I$3,$FX$2<=СОТРУДНИКИ!$J$3),"О","")),"О","") -> #VALUE! | FY4: =IF(OR(IF(AND(СОТРУДНИКИ!$C$3<>"",СОТРУДНИКИ!$D$3<>"",$FY$2>=СОТРУДНИКИ!$C$3,$FY$2<=СОТРУДНИКИ!$D$3),"О",""),IF(AND(СОТРУДНИКИ!$F$3<>"",СОТРУДНИКИ!$G$3<>"",$FY$2>=СОТРУДНИКИ!$F$3,$FY$2<=СОТРУДНИКИ!$G$3),"О",""),IF(AND(СОТРУДНИКИ!$I$3<>"",СОТРУДНИКИ!$J$3<>"",$FY$2>=СОТРУДНИКИ!$I$3,$FY$2<=СОТРУДНИКИ!$J$3),"О","")),"О","") -> #VALUE! | FZ4: =IF(OR(IF(AND(СОТРУДНИКИ!$C$3<>"",СОТРУДНИКИ!$D$3<>"",$FZ$2>=СОТРУДНИКИ!$C$3,$FZ$2<=СОТРУДНИКИ!$D$3),"О",""),IF(AND(СОТРУДНИКИ!$F$3<>"",СОТРУДНИКИ!$G$3<>"",$FZ$2>=СОТРУДНИКИ!$F$3,$FZ$2<=СОТРУДНИКИ!$G$3),"О",""),IF(AND(СОТРУДНИКИ!$I$3<>"",СОТРУДНИКИ!$J$3<>"",$FZ$2>=СОТРУДНИКИ!$I$3,$FZ$2<=СОТРУДНИКИ!$J$3),"О","")),"О","") -> #VALUE! | GA4: =IF(OR(IF(AND(СОТРУДНИКИ!$C$3<>"",СОТРУДНИКИ!$D$3<>"",$GA$2>=СОТРУДНИКИ!$C$3,$GA$2<=СОТРУДНИКИ!$D$3),"О",""),IF(AND(СОТРУДНИКИ!$F$3<>"",СОТРУДНИКИ!$G$3<>"",$GA$2>=СОТРУДНИКИ!$F$3,$GA$2<=СОТРУДНИКИ!$G$3),"О",""),IF(AND(СОТРУДНИКИ!$I$3<>"",СОТРУДНИКИ!$J$3<>"",$GA$2>=СОТРУДНИКИ!$I$3,$GA$2<=СОТРУДНИКИ!$J$3),"О","")),"О","") -> #VALUE! | GB4: =IF(OR(IF(AND(СОТРУДНИКИ!$C$3<>"",СОТРУДНИКИ!$D$3<>"",$GB$2>=СОТРУДНИКИ!$C$3,$GB$2<=СОТРУДНИКИ!$D$3),"О",""),IF(AND(СОТРУДНИКИ!$F$3<>"",СОТРУДНИКИ!$G$3<>"",$GB$2>=СОТРУДНИКИ!$F$3,$GB$2<=СОТРУДНИКИ!$G$3),"О",""),IF(AND(СОТРУДНИКИ!$I$3<>"",СОТРУДНИКИ!$J$3<>"",$GB$2>=СОТРУДНИКИ!$I$3,$GB$2<=СОТРУДНИКИ!$J$3),"О","")),"О","") -> #VALUE! | GC4: =IF(OR(IF(AND(СОТРУДНИКИ!$C$3<>"",СОТРУДНИКИ!$D$3<>"",$GC$2>=СОТРУДНИКИ!$C$3,$GC$2<=СОТРУДНИКИ!$D$3),"О",""),IF(AND(СОТРУДНИКИ!$F$3<>"",СОТРУДНИКИ!$G$3<>"",$GC$2>=СОТРУДНИКИ!$F$3,$GC$2<=СОТРУДНИКИ!$G$3),"О",""),IF(AND(СОТРУДНИКИ!$I$3<>"",СОТРУДНИКИ!$J$3<>"",$GC$2>=СОТРУДНИКИ!$I$3,$GC$2<=СОТРУДНИКИ!$J$3),"О","")),"О","") -> #VALUE! | GD4: =IF(OR(IF(AND(СОТРУДНИКИ!$C$3<>"",СОТРУДНИКИ!$D$3<>"",$GD$2>=СОТРУДНИКИ!$C$3,$GD$2<=СОТРУДНИКИ!$D$3),"О",""),IF(AND(СОТРУДНИКИ!$F$3<>"",СОТРУДНИКИ!$G$3<>"",$GD$2>=СОТРУДНИКИ!$F$3,$GD$2<=СОТРУДНИКИ!$G$3),"О",""),IF(AND(СОТРУДНИКИ!$I$3<>"",СОТРУДНИКИ!$J$3<>"",$GD$2>=СОТРУДНИКИ!$I$3,$GD$2<=СОТРУДНИКИ!$J$3),"О","")),"О","") -> #VALUE! | GE4: =IF(OR(IF(AND(СОТРУДНИКИ!$C$3<>"",СОТРУДНИКИ!$D$3<>"",$GE$2>=СОТРУДНИКИ!$C$3,$GE$2<=СОТРУДНИКИ!$D$3),"О",""),IF(AND(СОТРУДНИКИ!$F$3<>"",СОТРУДНИКИ!$G$3<>"",$GE$2>=СОТРУДНИКИ!$F$3,$GE$2<=СОТРУДНИКИ!$G$3),"О",""),IF(AND(СОТРУДНИКИ!$I$3<>"",СОТРУДНИКИ!$J$3<>"",$GE$2>=СОТРУДНИКИ!$I$3,$GE$2<=СОТРУДНИКИ!$J$3),"О","")),"О","") -> #VALUE! | GF4: =IF(OR(IF(AND(СОТРУДНИКИ!$C$3<>"",СОТРУДНИКИ!$D$3<>"",$GF$2>=СОТРУДНИКИ!$C$3,$GF$2<=СОТРУДНИКИ!$D$3),"О",""),IF(AND(СОТРУДНИКИ!$F$3<>"",СОТРУДНИКИ!$G$3<>"",$GF$2>=СОТРУДНИКИ!$F$3,$GF$2<=СОТРУДНИКИ!$G$3),"О",""),IF(AND(СОТРУДНИКИ!$I$3<>"",СОТРУДНИКИ!$J$3<>"",$GF$2>=СОТРУДНИКИ!$I$3,$GF$2<=СОТРУДНИКИ!$J$3),"О","")),"О","") -> #VALUE! | GG4: =IF(OR(IF(AND(СОТРУДНИКИ!$C$3<>"",СОТРУДНИКИ!$D$3<>"",$GG$2>=СОТРУДНИКИ!$C$3,$GG$2<=СОТРУДНИКИ!$D$3),"О",""),IF(AND(СОТРУДНИКИ!$F$3<>"",СОТРУДНИКИ!$G$3<>"",$GG$2>=СОТРУДНИКИ!$F$3,$GG$2<=СОТРУДНИКИ!$G$3),"О",""),IF(AND(СОТРУДНИКИ!$I$3<>"",СОТРУДНИКИ!$J$3<>"",$GG$2>=СОТРУДНИКИ!$I$3,$GG$2<=СОТРУДНИКИ!$J$3),"О","")),"О","") -> #VALUE! | GH4: =IF(OR(IF(AND(СОТРУДНИКИ!$C$3<>"",СОТРУДНИКИ!$D$3<>"",$GH$2>=СОТРУДНИКИ!$C$3,$GH$2<=СОТРУДНИКИ!$D$3),"О",""),IF(AND(СОТРУДНИКИ!$F$3<>"",СОТРУДНИКИ!$G$3<>"",$GH$2>=СОТРУДНИКИ!$F$3,$GH$2<=СОТРУДНИКИ!$G$3),"О",""),IF(AND(СОТРУДНИКИ!$I$3<>"",СОТРУДНИКИ!$J$3<>"",$GH$2>=СОТРУДНИКИ!$I$3,$GH$2<=СОТРУДНИКИ!$J$3),"О","")),"О","") -> #VALUE! | GI4: =IF(OR(IF(AND(СОТРУДНИКИ!$C$3<>"",СОТРУДНИКИ!$D$3<>"",$GI$2>=СОТРУДНИКИ!$C$3,$GI$2<=СОТРУДНИКИ!$D$3),"О",""),IF(AND(СОТРУДНИКИ!$F$3<>"",СОТРУДНИКИ!$G$3<>"",$GI$2>=СОТРУДНИКИ!$F$3,$GI$2<=СОТРУДНИКИ!$G$3),"О",""),IF(AND(СОТРУДНИКИ!$I$3<>"",СОТРУДНИКИ!$J$3<>"",$GI$2>=СОТРУДНИКИ!$I$3,$GI$2<=СОТРУДНИКИ!$J$3),"О","")),"О","") -> #VALUE! | GJ4: =IF(OR(IF(AND(СОТРУДНИКИ!$C$3<>"",СОТРУДНИКИ!$D$3<>"",$GJ$2>=СОТРУДНИКИ!$C$3,$GJ$2<=СОТРУДНИКИ!$D$3),"О",""),IF(AND(СОТРУДНИКИ!$F$3<>"",СОТРУДНИКИ!$G$3<>"",$GJ$2>=СОТРУДНИКИ!$F$3,$GJ$2<=СОТРУДНИКИ!$G$3),"О",""),IF(AND(СОТРУДНИКИ!$I$3<>"",СОТРУДНИКИ!$J$3<>"",$GJ$2>=СОТРУДНИКИ!$I$3,$GJ$2<=СОТРУДНИКИ!$J$3),"О","")),"О","") -> #VALUE! | GK4: =IF(OR(IF(AND(СОТРУДНИКИ!$C$3<>"",СОТРУДНИКИ!$D$3<>"",$GK$2>=СОТРУДНИКИ!$C$3,$GK$2<=СОТРУДНИКИ!$D$3),"О",""),IF(AND(СОТРУДНИКИ!$F$3<>"",СОТРУДНИКИ!$G$3<>"",$GK$2>=СОТРУДНИКИ!$F$3,$GK$2<=СОТРУДНИКИ!$G$3),"О",""),IF(AND(СОТРУДНИКИ!$I$3<>"",СОТРУДНИКИ!$J$3<>"",$GK$2>=СОТРУДНИКИ!$I$3,$GK$2<=СОТРУДНИКИ!$J$3),"О","")),"О","") -> #VALUE! | GL4: =IF(OR(IF(AND(СОТРУДНИКИ!$C$3<>"",СОТРУДНИКИ!$D$3<>"",$GL$2>=СОТРУДНИКИ!$C$3,$GL$2<=СОТРУДНИКИ!$D$3),"О",""),IF(AND(СОТРУДНИКИ!$F$3<>"",СОТРУДНИКИ!$G$3<>"",$GL$2>=СОТРУДНИКИ!$F$3,$GL$2<=СОТРУДНИКИ!$G$3),"О",""),IF(AND(СОТРУДНИКИ!$I$3<>"",СОТРУДНИКИ!$J$3<>"",$GL$2>=СОТРУДНИКИ!$I$3,$GL$2<=СОТРУДНИКИ!$J$3),"О","")),"О","") -> #VALUE! | GM4: =IF(OR(IF(AND(СОТРУДНИКИ!$C$3<>"",СОТРУДНИКИ!$D$3<>"",$GM$2>=СОТРУДНИКИ!$C$3,$GM$2<=СОТРУДНИКИ!$D$3),"О",""),IF(AND(СОТРУДНИКИ!$F$3<>"",СОТРУДНИКИ!$G$3<>"",$GM$2>=СОТРУДНИКИ!$F$3,$GM$2<=СОТРУДНИКИ!$G$3),"О",""),IF(AND(СОТРУДНИКИ!$I$3<>"",СОТРУДНИКИ!$J$3<>"",$GM$2>=СОТРУДНИКИ!$I$3,$GM$2<=СОТРУДНИКИ!$J$3),"О","")),"О","") -> #VALUE! | GN4: =IF(OR(IF(AND(СОТРУДНИКИ!$C$3<>"",СОТРУДНИКИ!$D$3<>"",$GN$2>=СОТРУДНИКИ!$C$3,$GN$2<=СОТРУДНИКИ!$D$3),"О",""),IF(AND(СОТРУДНИКИ!$F$3<>"",СОТРУДНИКИ!$G$3<>"",$GN$2>=СОТРУДНИКИ!$F$3,$GN$2<=СОТРУДНИКИ!$G$3),"О",""),IF(AND(СОТРУДНИКИ!$I$3<>"",СОТРУДНИКИ!$J$3<>"",$GN$2>=СОТРУДНИКИ!$I$3,$GN$2<=СОТРУДНИКИ!$J$3),"О","")),"О","") -> #VALUE! | GO4: =IF(OR(IF(AND(СОТРУДНИКИ!$C$3<>"",СОТРУДНИКИ!$D$3<>"",$GO$2>=СОТРУДНИКИ!$C$3,$GO$2<=СОТРУДНИКИ!$D$3),"О",""),IF(AND(СОТРУДНИКИ!$F$3<>"",СОТРУДНИКИ!$G$3<>"",$GO$2>=СОТРУДНИКИ!$F$3,$GO$2<=СОТРУДНИКИ!$G$3),"О",""),IF(AND(СОТРУДНИКИ!$I$3<>"",СОТРУДНИКИ!$J$3<>"",$GO$2>=СОТРУДНИКИ!$I$3,$GO$2<=СОТРУДНИКИ!$J$3),"О","")),"О","") -> #VALUE! | GP4: =IF(OR(IF(AND(СОТРУДНИКИ!$C$3<>"",СОТРУДНИКИ!$D$3<>"",$GP$2>=СОТРУДНИКИ!$C$3,$GP$2<=СОТРУДНИКИ!$D$3),"О",""),IF(AND(СОТРУДНИКИ!$F$3<>"",СОТРУДНИКИ!$G$3<>"",$GP$2>=СОТРУДНИКИ!$F$3,$GP$2<=СОТРУДНИКИ!$G$3),"О",""),IF(AND(СОТРУДНИКИ!$I$3<>"",СОТРУДНИКИ!$J$3<>"",$GP$2>=СОТРУДНИКИ!$I$3,$GP$2<=СОТРУДНИКИ!$J$3),"О","")),"О","") -> #VALUE! | GQ4: =IF(OR(IF(AND(СОТРУДНИКИ!$C$3<>"",СОТРУДНИКИ!$D$3<>"",$GQ$2>=СОТРУДНИКИ!$C$3,$GQ$2<=СОТРУДНИКИ!$D$3),"О",""),IF(AND(СОТРУДНИКИ!$F$3<>"",СОТРУДНИКИ!$G$3<>"",$GQ$2>=СОТРУДНИКИ!$F$3,$GQ$2<=СОТРУДНИКИ!$G$3),"О",""),IF(AND(СОТРУДНИКИ!$I$3<>"",СОТРУДНИКИ!$J$3<>"",$GQ$2>=СОТРУДНИКИ!$I$3,$GQ$2<=СОТРУДНИКИ!$J$3),"О","")),"О","") -> #VALUE! | GR4: =IF(OR(IF(AND(СОТРУДНИКИ!$C$3<>"",СОТРУДНИКИ!$D$3<>"",$GR$2>=СОТРУДНИКИ!$C$3,$GR$2<=СОТРУДНИКИ!$D$3),"О",""),IF(AND(СОТРУДНИКИ!$F$3<>"",СОТРУДНИКИ!$G$3<>"",$GR$2>=СОТРУДНИКИ!$F$3,$GR$2<=СОТРУДНИКИ!$G$3),"О",""),IF(AND(СОТРУДНИКИ!$I$3<>"",СОТРУДНИКИ!$J$3<>"",$GR$2>=СОТРУДНИКИ!$I$3,$GR$2<=СОТРУДНИКИ!$J$3),"О","")),"О","") -> #VALUE! | GS4: =IF(OR(IF(AND(СОТРУДНИКИ!$C$3<>"",СОТРУДНИКИ!$D$3<>"",$GS$2>=СОТРУДНИКИ!$C$3,$GS$2<=СОТРУДНИКИ!$D$3),"О",""),IF(AND(СОТРУДНИКИ!$F$3<>"",СОТРУДНИКИ!$G$3<>"",$GS$2>=СОТРУДНИКИ!$F$3,$GS$2<=СОТРУДНИКИ!$G$3),"О",""),IF(AND(СОТРУДНИКИ!$I$3<>"",СОТРУДНИКИ!$J$3<>"",$GS$2>=СОТРУДНИКИ!$I$3,$GS$2<=СОТРУДНИКИ!$J$3),"О","")),"О","") -> #VALUE! | GT4: =IF(OR(IF(AND(СОТРУДНИКИ!$C$3<>"",СОТРУДНИКИ!$D$3<>"",$GT$2>=СОТРУДНИКИ!$C$3,$GT$2<=СОТРУДНИКИ!$D$3),"О",""),IF(AND(СОТРУДНИКИ!$F$3<>"",СОТРУДНИКИ!$G$3<>"",$GT$2>=СОТРУДНИКИ!$F$3,$GT$2<=СОТРУДНИКИ!$G$3),"О",""),IF(AND(СОТРУДНИКИ!$I$3<>"",СОТРУДНИКИ!$J$3<>"",$GT$2>=СОТРУДНИКИ!$I$3,$GT$2<=СОТРУДНИКИ!$J$3),"О","")),"О","") -> #VALUE! | GU4: =IF(OR(IF(AND(СОТРУДНИКИ!$C$3<>"",СОТРУДНИКИ!$D$3<>"",$GU$2>=СОТРУДНИКИ!$C$3,$GU$2<=СОТРУДНИКИ!$D$3),"О",""),IF(AND(СОТРУДНИКИ!$F$3<>"",СОТРУДНИКИ!$G$3<>"",$GU$2>=СОТРУДНИКИ!$F$3,$GU$2<=СОТРУДНИКИ!$G$3),"О",""),IF(AND(СОТРУДНИКИ!$I$3<>"",СОТРУДНИКИ!$J$3<>"",$GU$2>=СОТРУДНИКИ!$I$3,$GU$2<=СОТРУДНИКИ!$J$3),"О","")),"О","") -> #VALUE! | GV4: =IF(OR(IF(AND(СОТРУДНИКИ!$C$3<>"",СОТРУДНИКИ!$D$3<>"",$GV$2>=СОТРУДНИКИ!$C$3,$GV$2<=СОТРУДНИКИ!$D$3),"О",""),IF(AND(СОТРУДНИКИ!$F$3<>"",СОТРУДНИКИ!$G$3<>"",$GV$2>=СОТРУДНИКИ!$F$3,$GV$2<=СОТРУДНИКИ!$G$3),"О",""),IF(AND(СОТРУДНИКИ!$I$3<>"",СОТРУДНИКИ!$J$3<>"",$GV$2>=СОТРУДНИКИ!$I$3,$GV$2<=СОТРУДНИКИ!$J$3),"О","")),"О","") -> #VALUE! | GW4: =IF(OR(IF(AND(СОТРУДНИКИ!$C$3<>"",СОТРУДНИКИ!$D$3<>"",$GW$2>=СОТРУДНИКИ!$C$3,$GW$2<=СОТРУДНИКИ!$D$3),"О",""),IF(AND(СОТРУДНИКИ!$F$3<>"",СОТРУДНИКИ!$G$3<>"",$GW$2>=СОТРУДНИКИ!$F$3,$GW$2<=СОТРУДНИКИ!$G$3),"О",""),IF(AND(СОТРУДНИКИ!$I$3<>"",СОТРУДНИКИ!$J$3<>"",$GW$2>=СОТРУДНИКИ!$I$3,$GW$2<=СОТРУДНИКИ!$J$3),"О","")),"О","") -> #VALUE! | GX4: =IF(OR(IF(AND(СОТРУДНИКИ!$C$3<>"",СОТРУДНИКИ!$D$3<>"",$GX$2>=СОТРУДНИКИ!$C$3,$GX$2<=СОТРУДНИКИ!$D$3),"О",""),IF(AND(СОТРУДНИКИ!$F$3<>"",СОТРУДНИКИ!$G$3<>"",$GX$2>=СОТРУДНИКИ!$F$3,$GX$2<=СОТРУДНИКИ!$G$3),"О",""),IF(AND(СОТРУДНИКИ!$I$3<>"",СОТРУДНИКИ!$J$3<>"",$GX$2>=СОТРУДНИКИ!$I$3,$GX$2<=СОТРУДНИКИ!$J$3),"О","")),"О","") -> #VALUE! | GY4: =IF(OR(IF(AND(СОТРУДНИКИ!$C$3<>"",СОТРУДНИКИ!$D$3<>"",$GY$2>=СОТРУДНИКИ!$C$3,$GY$2<=СОТРУДНИКИ!$D$3),"О",""),IF(AND(СОТРУДНИКИ!$F$3<>"",СОТРУДНИКИ!$G$3<>"",$GY$2>=СОТРУДНИКИ!$F$3,$GY$2<=СОТРУДНИКИ!$G$3),"О",""),IF(AND(СОТРУДНИКИ!$I$3<>"",СОТРУДНИКИ!$J$3<>"",$GY$2>=СОТРУДНИКИ!$I$3,$GY$2<=СОТРУДНИКИ!$J$3),"О","")),"О","") -> #VALUE! | GZ4: =IF(OR(IF(AND(СОТРУДНИКИ!$C$3<>"",СОТРУДНИКИ!$D$3<>"",$GZ$2>=СОТРУДНИКИ!$C$3,$GZ$2<=СОТРУДНИКИ!$D$3),"О",""),IF(AND(СОТРУДНИКИ!$F$3<>"",СОТРУДНИКИ!$G$3<>"",$GZ$2>=СОТРУДНИКИ!$F$3,$GZ$2<=СОТРУДНИКИ!$G$3),"О",""),IF(AND(СОТРУДНИКИ!$I$3<>"",СОТРУДНИКИ!$J$3<>"",$GZ$2>=СОТРУДНИКИ!$I$3,$GZ$2<=СОТРУДНИКИ!$J$3),"О","")),"О","") -> #VALUE! | HA4: =IF(OR(IF(AND(СОТРУДНИКИ!$C$3<>"",СОТРУДНИКИ!$D$3<>"",$HA$2>=СОТРУДНИКИ!$C$3,$HA$2<=СОТРУДНИКИ!$D$3),"О",""),IF(AND(СОТРУДНИКИ!$F$3<>"",СОТРУДНИКИ!$G$3<>"",$HA$2>=СОТРУДНИКИ!$F$3,$HA$2<=СОТРУДНИКИ!$G$3),"О",""),IF(AND(СОТРУДНИКИ!$I$3<>"",СОТРУДНИКИ!$J$3<>"",$HA$2>=СОТРУДНИКИ!$I$3,$HA$2<=СОТРУДНИКИ!$J$3),"О","")),"О","") -> #VALUE! | HB4: =IF(OR(IF(AND(СОТРУДНИКИ!$C$3<>"",СОТРУДНИКИ!$D$3<>"",$HB$2>=СОТРУДНИКИ!$C$3,$HB$2<=СОТРУДНИКИ!$D$3),"О",""),IF(AND(СОТРУДНИКИ!$F$3<>"",СОТРУДНИКИ!$G$3<>"",$HB$2>=СОТРУДНИКИ!$F$3,$HB$2<=СОТРУДНИКИ!$G$3),"О",""),IF(AND(СОТРУДНИКИ!$I$3<>"",СОТРУДНИКИ!$J$3<>"",$HB$2>=СОТРУДНИКИ!$I$3,$HB$2<=СОТРУДНИКИ!$J$3),"О","")),"О","") -> #VALUE! | HC4: =IF(OR(IF(AND(СОТРУДНИКИ!$C$3<>"",СОТРУДНИКИ!$D$3<>"",$HC$2>=СОТРУДНИКИ!$C$3,$HC$2<=СОТРУДНИКИ!$D$3),"О",""),IF(AND(СОТРУДНИКИ!$F$3<>"",СОТРУДНИКИ!$G$3<>"",$HC$2>=СОТРУДНИКИ!$F$3,$HC$2<=СОТРУДНИКИ!$G$3),"О",""),IF(AND(СОТРУДНИКИ!$I$3<>"",СОТРУДНИКИ!$J$3<>"",$HC$2>=СОТРУДНИКИ!$I$3,$HC$2<=СОТРУДНИКИ!$J$3),"О","")),"О","") -> #VALUE! | HD4: =IF(OR(IF(AND(СОТРУДНИКИ!$C$3<>"",СОТРУДНИКИ!$D$3<>"",$HD$2>=СОТРУДНИКИ!$C$3,$HD$2<=СОТРУДНИКИ!$D$3),"О",""),IF(AND(СОТРУДНИКИ!$F$3<>"",СОТРУДНИКИ!$G$3<>"",$HD$2>=СОТРУДНИКИ!$F$3,$HD$2<=СОТРУДНИКИ!$G$3),"О",""),IF(AND(СОТРУДНИКИ!$I$3<>"",СОТРУДНИКИ!$J$3<>"",$HD$2>=СОТРУДНИКИ!$I$3,$HD$2<=СОТРУДНИКИ!$J$3),"О","")),"О","") -> #VALUE! | HE4: =IF(OR(IF(AND(СОТРУДНИКИ!$C$3<>"",СОТРУДНИКИ!$D$3<>"",$HE$2>=СОТРУДНИКИ!$C$3,$HE$2<=СОТРУДНИКИ!$D$3),"О",""),IF(AND(СОТРУДНИКИ!$F$3<>"",СОТРУДНИКИ!$G$3<>"",$HE$2>=СОТРУДНИКИ!$F$3,$HE$2<=СОТРУДНИКИ!$G$3),"О",""),IF(AND(СОТРУДНИКИ!$I$3<>"",СОТРУДНИКИ!$J$3<>"",$HE$2>=СОТРУДНИКИ!$I$3,$HE$2<=СОТРУДНИКИ!$J$3),"О","")),"О","") -> #VALUE! | HF4: =IF(OR(IF(AND(СОТРУДНИКИ!$C$3<>"",СОТРУДНИКИ!$D$3<>"",$HF$2>=СОТРУДНИКИ!$C$3,$HF$2<=СОТРУДНИКИ!$D$3),"О",""),IF(AND(СОТРУДНИКИ!$F$3<>"",СОТРУДНИКИ!$G$3<>"",$HF$2>=СОТРУДНИКИ!$F$3,$HF$2<=СОТРУДНИКИ!$G$3),"О",""),IF(AND(СОТРУДНИКИ!$I$3<>"",СОТРУДНИКИ!$J$3<>"",$HF$2>=СОТРУДНИКИ!$I$3,$HF$2<=СОТРУДНИКИ!$J$3),"О","")),"О","") -> #VALUE! | HG4: =IF(OR(IF(AND(СОТРУДНИКИ!$C$3<>"",СОТРУДНИКИ!$D$3<>"",$HG$2>=СОТРУДНИКИ!$C$3,$HG$2<=СОТРУДНИКИ!$D$3),"О",""),IF(AND(СОТРУДНИКИ!$F$3<>"",СОТРУДНИКИ!$G$3<>"",$HG$2>=СОТРУДНИКИ!$F$3,$HG$2<=СОТРУДНИКИ!$G$3),"О",""),IF(AND(СОТРУДНИКИ!$I$3<>"",СОТРУДНИКИ!$J$3<>"",$HG$2>=СОТРУДНИКИ!$I$3,$HG$2<=СОТРУДНИКИ!$J$3),"О","")),"О","") -> #VALUE! | HH4: =IF(OR(IF(AND(СОТРУДНИКИ!$C$3<>"",СОТРУДНИКИ!$D$3<>"",$HH$2>=СОТРУДНИКИ!$C$3,$HH$2<=СОТРУДНИКИ!$D$3),"О",""),IF(AND(СОТРУДНИКИ!$F$3<>"",СОТРУДНИКИ!$G$3<>"",$HH$2>=СОТРУДНИКИ!$F$3,$HH$2<=СОТРУДНИКИ!$G$3),"О",""),IF(AND(СОТРУДНИКИ!$I$3<>"",СОТРУДНИКИ!$J$3<>"",$HH$2>=СОТРУДНИКИ!$I$3,$HH$2<=СОТРУДНИКИ!$J$3),"О","")),"О","") -> #VALUE! | HI4: =IF(OR(IF(AND(СОТРУДНИКИ!$C$3<>"",СОТРУДНИКИ!$D$3<>"",$HI$2>=СОТРУДНИКИ!$C$3,$HI$2<=СОТРУДНИКИ!$D$3),"О",""),IF(AND(СОТРУДНИКИ!$F$3<>"",СОТРУДНИКИ!$G$3<>"",$HI$2>=СОТРУДНИКИ!$F$3,$HI$2<=СОТРУДНИКИ!$G$3),"О",""),IF(AND(СОТРУДНИКИ!$I$3<>"",СОТРУДНИКИ!$J$3<>"",$HI$2>=СОТРУДНИКИ!$I$3,$HI$2<=СОТРУДНИКИ!$J$3),"О","")),"О","") -> #VALUE! | HJ4: =IF(OR(IF(AND(СОТРУДНИКИ!$C$3<>"",СОТРУДНИКИ!$D$3<>"",$HJ$2>=СОТРУДНИКИ!$C$3,$HJ$2<=СОТРУДНИКИ!$D$3),"О",""),IF(AND(СОТРУДНИКИ!$F$3<>"",СОТРУДНИКИ!$G$3<>"",$HJ$2>=СОТРУДНИКИ!$F$3,$HJ$2<=СОТРУДНИКИ!$G$3),"О",""),IF(AND(СОТРУДНИКИ!$I$3<>"",СОТРУДНИКИ!$J$3<>"",$HJ$2>=СОТРУДНИКИ!$I$3,$HJ$2<=СОТРУДНИКИ!$J$3),"О","")),"О","") -> #VALUE! | HK4: =IF(OR(IF(AND(СОТРУДНИКИ!$C$3<>"",СОТРУДНИКИ!$D$3<>"",$HK$2>=СОТРУДНИКИ!$C$3,$HK$2<=СОТРУДНИКИ!$D$3),"О",""),IF(AND(СОТРУДНИКИ!$F$3<>"",СОТРУДНИКИ!$G$3<>"",$HK$2>=СОТРУДНИКИ!$F$3,$HK$2<=СОТРУДНИКИ!$G$3),"О",""),IF(AND(СОТРУДНИКИ!$I$3<>"",СОТРУДНИКИ!$J$3<>"",$HK$2>=СОТРУДНИКИ!$I$3,$HK$2<=СОТРУДНИКИ!$J$3),"О","")),"О","") -> #VALUE! | HL4: =IF(OR(IF(AND(СОТРУДНИКИ!$C$3<>"",СОТРУДНИКИ!$D$3<>"",$HL$2>=СОТРУДНИКИ!$C$3,$HL$2<=СОТРУДНИКИ!$D$3),"О",""),IF(AND(СОТРУДНИКИ!$F$3<>"",СОТРУДНИКИ!$G$3<>"",$HL$2>=СОТРУДНИКИ!$F$3,$HL$2<=СОТРУДНИКИ!$G$3),"О",""),IF(AND(СОТРУДНИКИ!$I$3<>"",СОТРУДНИКИ!$J$3<>"",$HL$2>=СОТРУДНИКИ!$I$3,$HL$2<=СОТРУДНИКИ!$J$3),"О","")),"О","") -> #VALUE! | HM4: =IF(OR(IF(AND(СОТРУДНИКИ!$C$3<>"",СОТРУДНИКИ!$D$3<>"",$HM$2>=СОТРУДНИКИ!$C$3,$HM$2<=СОТРУДНИКИ!$D$3),"О",""),IF(AND(СОТРУДНИКИ!$F$3<>"",СОТРУДНИКИ!$G$3<>"",$HM$2>=СОТРУДНИКИ!$F$3,$HM$2<=СОТРУДНИКИ!$G$3),"О",""),IF(AND(СОТРУДНИКИ!$I$3<>"",СОТРУДНИКИ!$J$3<>"",$HM$2>=СОТРУДНИКИ!$I$3,$HM$2<=СОТРУДНИКИ!$J$3),"О","")),"О","") -> #VALUE! | HN4: =IF(OR(IF(AND(СОТРУДНИКИ!$C$3<>"",СОТРУДНИКИ!$D$3<>"",$HN$2>=СОТРУДНИКИ!$C$3,$HN$2<=СОТРУДНИКИ!$D$3),"О",""),IF(AND(СОТРУДНИКИ!$F$3<>"",СОТРУДНИКИ!$G$3<>"",$HN$2>=СОТРУДНИКИ!$F$3,$HN$2<=СОТРУДНИКИ!$G$3),"О",""),IF(AND(СОТРУДНИКИ!$I$3<>"",СОТРУДНИКИ!$J$3<>"",$HN$2>=СОТРУДНИКИ!$I$3,$HN$2<=СОТРУДНИКИ!$J$3),"О","")),"О","") -> #VALUE! | HO4: =IF(OR(IF(AND(СОТРУДНИКИ!$C$3<>"",СОТРУДНИКИ!$D$3<>"",$HO$2>=СОТРУДНИКИ!$C$3,$HO$2<=СОТРУДНИКИ!$D$3),"О",""),IF(AND(СОТРУДНИКИ!$F$3<>"",СОТРУДНИКИ!$G$3<>"",$HO$2>=СОТРУДНИКИ!$F$3,$HO$2<=СОТРУДНИКИ!$G$3),"О",""),IF(AND(СОТРУДНИКИ!$I$3<>"",СОТРУДНИКИ!$J$3<>"",$HO$2>=СОТРУДНИКИ!$I$3,$HO$2<=СОТРУДНИКИ!$J$3),"О","")),"О","") -> #VALUE! | HP4: =IF(OR(IF(AND(СОТРУДНИКИ!$C$3<>"",СОТРУДНИКИ!$D$3<>"",$HP$2>=СОТРУДНИКИ!$C$3,$HP$2<=СОТРУДНИКИ!$D$3),"О",""),IF(AND(СОТРУДНИКИ!$F$3<>"",СОТРУДНИКИ!$G$3<>"",$HP$2>=СОТРУДНИКИ!$F$3,$HP$2<=СОТРУДНИКИ!$G$3),"О",""),IF(AND(СОТРУДНИКИ!$I$3<>"",СОТРУДНИКИ!$J$3<>"",$HP$2>=СОТРУДНИКИ!$I$3,$HP$2<=СОТРУДНИКИ!$J$3),"О","")),"О","") -> #VALUE! | HQ4: =IF(OR(IF(AND(СОТРУДНИКИ!$C$3<>"",СОТРУДНИКИ!$D$3<>"",$HQ$2>=СОТРУДНИКИ!$C$3,$HQ$2<=СОТРУДНИКИ!$D$3),"О",""),IF(AND(СОТРУДНИКИ!$F$3<>"",СОТРУДНИКИ!$G$3<>"",$HQ$2>=СОТРУДНИКИ!$F$3,$HQ$2<=СОТРУДНИКИ!$G$3),"О",""),IF(AND(СОТРУДНИКИ!$I$3<>"",СОТРУДНИКИ!$J$3<>"",$HQ$2>=СОТРУДНИКИ!$I$3,$HQ$2<=СОТРУДНИКИ!$J$3),"О","")),"О","") -> #VALUE! | HR4: =IF(OR(IF(AND(СОТРУДНИКИ!$C$3<>"",СОТРУДНИКИ!$D$3<>"",$HR$2>=СОТРУДНИКИ!$C$3,$HR$2<=СОТРУДНИКИ!$D$3),"О",""),IF(AND(СОТРУДНИКИ!$F$3<>"",СОТРУДНИКИ!$G$3<>"",$HR$2>=СОТРУДНИКИ!$F$3,$HR$2<=СОТРУДНИКИ!$G$3),"О",""),IF(AND(СОТРУДНИКИ!$I$3<>"",СОТРУДНИКИ!$J$3<>"",$HR$2>=СОТРУДНИКИ!$I$3,$HR$2<=СОТРУДНИКИ!$J$3),"О","")),"О","") -> #VALUE! | HS4: =IF(OR(IF(AND(СОТРУДНИКИ!$C$3<>"",СОТРУДНИКИ!$D$3<>"",$HS$2>=СОТРУДНИКИ!$C$3,$HS$2<=СОТРУДНИКИ!$D$3),"О",""),IF(AND(СОТРУДНИКИ!$F$3<>"",СОТРУДНИКИ!$G$3<>"",$HS$2>=СОТРУДНИКИ!$F$3,$HS$2<=СОТРУДНИКИ!$G$3),"О",""),IF(AND(СОТРУДНИКИ!$I$3<>"",СОТРУДНИКИ!$J$3<>"",$HS$2>=СОТРУДНИКИ!$I$3,$HS$2<=СОТРУДНИКИ!$J$3),"О","")),"О","") -> #VALUE! | HT4: =IF(OR(IF(AND(СОТРУДНИКИ!$C$3<>"",СОТРУДНИКИ!$D$3<>"",$HT$2>=СОТРУДНИКИ!$C$3,$HT$2<=СОТРУДНИКИ!$D$3),"О",""),IF(AND(СОТРУДНИКИ!$F$3<>"",СОТРУДНИКИ!$G$3<>"",$HT$2>=СОТРУДНИКИ!$F$3,$HT$2<=СОТРУДНИКИ!$G$3),"О",""),IF(AND(СОТРУДНИКИ!$I$3<>"",СОТРУДНИКИ!$J$3<>"",$HT$2>=СОТРУДНИКИ!$I$3,$HT$2<=СОТРУДНИКИ!$J$3),"О","")),"О","") -> #VALUE! | HU4: =IF(OR(IF(AND(СОТРУДНИКИ!$C$3<>"",СОТРУДНИКИ!$D$3<>"",$HU$2>=СОТРУДНИКИ!$C$3,$HU$2<=СОТРУДНИКИ!$D$3),"О",""),IF(AND(СОТРУДНИКИ!$F$3<>"",СОТРУДНИКИ!$G$3<>"",$HU$2>=СОТРУДНИКИ!$F$3,$HU$2<=СОТРУДНИКИ!$G$3),"О",""),IF(AND(СОТРУДНИКИ!$I$3<>"",СОТРУДНИКИ!$J$3<>"",$HU$2>=СОТРУДНИКИ!$I$3,$HU$2<=СОТРУДНИКИ!$J$3),"О","")),"О","") -> #VALUE! | HV4: =IF(OR(IF(AND(СОТРУДНИКИ!$C$3<>"",СОТРУДНИКИ!$D$3<>"",$HV$2>=СОТРУДНИКИ!$C$3,$HV$2<=СОТРУДНИКИ!$D$3),"О",""),IF(AND(СОТРУДНИКИ!$F$3<>"",СОТРУДНИКИ!$G$3<>"",$HV$2>=СОТРУДНИКИ!$F$3,$HV$2<=СОТРУДНИКИ!$G$3),"О",""),IF(AND(СОТРУДНИКИ!$I$3<>"",СОТРУДНИКИ!$J$3<>"",$HV$2>=СОТРУДНИКИ!$I$3,$HV$2<=СОТРУДНИКИ!$J$3),"О","")),"О","") -> #VALUE! | HW4: =IF(OR(IF(AND(СОТРУДНИКИ!$C$3<>"",СОТРУДНИКИ!$D$3<>"",$HW$2>=СОТРУДНИКИ!$C$3,$HW$2<=СОТРУДНИКИ!$D$3),"О",""),IF(AND(СОТРУДНИКИ!$F$3<>"",СОТРУДНИКИ!$G$3<>"",$HW$2>=СОТРУДНИКИ!$F$3,$HW$2<=СОТРУДНИКИ!$G$3),"О",""),IF(AND(СОТРУДНИКИ!$I$3<>"",СОТРУДНИКИ!$J$3<>"",$HW$2>=СОТРУДНИКИ!$I$3,$HW$2<=СОТРУДНИКИ!$J$3),"О","")),"О","") -> #VALUE! | HX4: =IF(OR(IF(AND(СОТРУДНИКИ!$C$3<>"",СОТРУДНИКИ!$D$3<>"",$HX$2>=СОТРУДНИКИ!$C$3,$HX$2<=СОТРУДНИКИ!$D$3),"О",""),IF(AND(СОТРУДНИКИ!$F$3<>"",СОТРУДНИКИ!$G$3<>"",$HX$2>=СОТРУДНИКИ!$F$3,$HX$2<=СОТРУДНИКИ!$G$3),"О",""),IF(AND(СОТРУДНИКИ!$I$3<>"",СОТРУДНИКИ!$J$3<>"",$HX$2>=СОТРУДНИКИ!$I$3,$HX$2<=СОТРУДНИКИ!$J$3),"О","")),"О","") -> #VALUE! | HY4: =IF(OR(IF(AND(СОТРУДНИКИ!$C$3<>"",СОТРУДНИКИ!$D$3<>"",$HY$2>=СОТРУДНИКИ!$C$3,$HY$2<=СОТРУДНИКИ!$D$3),"О",""),IF(AND(СОТРУДНИКИ!$F$3<>"",СОТРУДНИКИ!$G$3<>"",$HY$2>=СОТРУДНИКИ!$F$3,$HY$2<=СОТРУДНИКИ!$G$3),"О",""),IF(AND(СОТРУДНИКИ!$I$3<>"",СОТРУДНИКИ!$J$3<>"",$HY$2>=СОТРУДНИКИ!$I$3,$HY$2<=СОТРУДНИКИ!$J$3),"О","")),"О","") -> #VALUE! | HZ4: =IF(OR(IF(AND(СОТРУДНИКИ!$C$3<>"",СОТРУДНИКИ!$D$3<>"",$HZ$2>=СОТРУДНИКИ!$C$3,$HZ$2<=СОТРУДНИКИ!$D$3),"О",""),IF(AND(СОТРУДНИКИ!$F$3<>"",СОТРУДНИКИ!$G$3<>"",$HZ$2>=СОТРУДНИКИ!$F$3,$HZ$2<=СОТРУДНИКИ!$G$3),"О",""),IF(AND(СОТРУДНИКИ!$I$3<>"",СОТРУДНИКИ!$J$3<>"",$HZ$2>=СОТРУДНИКИ!$I$3,$HZ$2<=СОТРУДНИКИ!$J$3),"О","")),"О","") -> #VALUE! | IA4: =IF(OR(IF(AND(СОТРУДНИКИ!$C$3<>"",СОТРУДНИКИ!$D$3<>"",$IA$2>=СОТРУДНИКИ!$C$3,$IA$2<=СОТРУДНИКИ!$D$3),"О",""),IF(AND(СОТРУДНИКИ!$F$3<>"",СОТРУДНИКИ!$G$3<>"",$IA$2>=СОТРУДНИКИ!$F$3,$IA$2<=СОТРУДНИКИ!$G$3),"О",""),IF(AND(СОТРУДНИКИ!$I$3<>"",СОТРУДНИКИ!$J$3<>"",$IA$2>=СОТРУДНИКИ!$I$3,$IA$2<=СОТРУДНИКИ!$J$3),"О","")),"О","") -> #VALUE! | IB4: =IF(OR(IF(AND(СОТРУДНИКИ!$C$3<>"",СОТРУДНИКИ!$D$3<>"",$IB$2>=СОТРУДНИКИ!$C$3,$IB$2<=СОТРУДНИКИ!$D$3),"О",""),IF(AND(СОТРУДНИКИ!$F$3<>"",СОТРУДНИКИ!$G$3<>"",$IB$2>=СОТРУДНИКИ!$F$3,$IB$2<=СОТРУДНИКИ!$G$3),"О",""),IF(AND(СОТРУДНИКИ!$I$3<>"",СОТРУДНИКИ!$J$3<>"",$IB$2>=СОТРУДНИКИ!$I$3,$IB$2<=СОТРУДНИКИ!$J$3),"О","")),"О","") -> #VALUE! | IC4: =IF(OR(IF(AND(СОТРУДНИКИ!$C$3<>"",СОТРУДНИКИ!$D$3<>"",$IC$2>=СОТРУДНИКИ!$C$3,$IC$2<=СОТРУДНИКИ!$D$3),"О",""),IF(AND(СОТРУДНИКИ!$F$3<>"",СОТРУДНИКИ!$G$3<>"",$IC$2>=СОТРУДНИКИ!$F$3,$IC$2<=СОТРУДНИКИ!$G$3),"О",""),IF(AND(СОТРУДНИКИ!$I$3<>"",СОТРУДНИКИ!$J$3<>"",$IC$2>=СОТРУДНИКИ!$I$3,$IC$2<=СОТРУДНИКИ!$J$3),"О","")),"О","") -> #VALUE! | ID4: =IF(OR(IF(AND(СОТРУДНИКИ!$C$3<>"",СОТРУДНИКИ!$D$3<>"",$ID$2>=СОТРУДНИКИ!$C$3,$ID$2<=СОТРУДНИКИ!$D$3),"О",""),IF(AND(СОТРУДНИКИ!$F$3<>"",СОТРУДНИКИ!$G$3<>"",$ID$2>=СОТРУДНИКИ!$F$3,$ID$2<=СОТРУДНИКИ!$G$3),"О",""),IF(AND(СОТРУДНИКИ!$I$3<>"",СОТРУДНИКИ!$J$3<>"",$ID$2>=СОТРУДНИКИ!$I$3,$ID$2<=СОТРУДНИКИ!$J$3),"О","")),"О","") -> #VALUE! | IE4: =IF(OR(IF(AND(СОТРУДНИКИ!$C$3<>"",СОТРУДНИКИ!$D$3<>"",$IE$2>=СОТРУДНИКИ!$C$3,$IE$2<=СОТРУДНИКИ!$D$3),"О",""),IF(AND(СОТРУДНИКИ!$F$3<>"",СОТРУДНИКИ!$G$3<>"",$IE$2>=СОТРУДНИКИ!$F$3,$IE$2<=СОТРУДНИКИ!$G$3),"О",""),IF(AND(СОТРУДНИКИ!$I$3<>"",СОТРУДНИКИ!$J$3<>"",$IE$2>=СОТРУДНИКИ!$I$3,$IE$2<=СОТРУДНИКИ!$J$3),"О","")),"О","") -> #VALUE! | IF4: =IF(OR(IF(AND(СОТРУДНИКИ!$C$3<>"",СОТРУДНИКИ!$D$3<>"",$IF$2>=СОТРУДНИКИ!$C$3,$IF$2<=СОТРУДНИКИ!$D$3),"О",""),IF(AND(СОТРУДНИКИ!$F$3<>"",СОТРУДНИКИ!$G$3<>"",$IF$2>=СОТРУДНИКИ!$F$3,$IF$2<=СОТРУДНИКИ!$G$3),"О",""),IF(AND(СОТРУДНИКИ!$I$3<>"",СОТРУДНИКИ!$J$3<>"",$IF$2>=СОТРУДНИКИ!$I$3,$IF$2<=СОТРУДНИКИ!$J$3),"О","")),"О","") -> #VALUE! | IG4: =IF(OR(IF(AND(СОТРУДНИКИ!$C$3<>"",СОТРУДНИКИ!$D$3<>"",$IG$2>=СОТРУДНИКИ!$C$3,$IG$2<=СОТРУДНИКИ!$D$3),"О",""),IF(AND(СОТРУДНИКИ!$F$3<>"",СОТРУДНИКИ!$G$3<>"",$IG$2>=СОТРУДНИКИ!$F$3,$IG$2<=СОТРУДНИКИ!$G$3),"О",""),IF(AND(СОТРУДНИКИ!$I$3<>"",СОТРУДНИКИ!$J$3<>"",$IG$2>=СОТРУДНИКИ!$I$3,$IG$2<=СОТРУДНИКИ!$J$3),"О","")),"О","") -> #VALUE! | IH4: =IF(OR(IF(AND(СОТРУДНИКИ!$C$3<>"",СОТРУДНИКИ!$D$3<>"",$IH$2>=СОТРУДНИКИ!$C$3,$IH$2<=СОТРУДНИКИ!$D$3),"О",""),IF(AND(СОТРУДНИКИ!$F$3<>"",СОТРУДНИКИ!$G$3<>"",$IH$2>=СОТРУДНИКИ!$F$3,$IH$2<=СОТРУДНИКИ!$G$3),"О",""),IF(AND(СОТРУДНИКИ!$I$3<>"",СОТРУДНИКИ!$J$3<>"",$IH$2>=СОТРУДНИКИ!$I$3,$IH$2<=СОТРУДНИКИ!$J$3),"О","")),"О","") -> #VALUE! | II4: =IF(OR(IF(AND(СОТРУДНИКИ!$C$3<>"",СОТРУДНИКИ!$D$3<>"",$II$2>=СОТРУДНИКИ!$C$3,$II$2<=СОТРУДНИКИ!$D$3),"О",""),IF(AND(СОТРУДНИКИ!$F$3<>"",СОТРУДНИКИ!$G$3<>"",$II$2>=СОТРУДНИКИ!$F$3,$II$2<=СОТРУДНИКИ!$G$3),"О",""),IF(AND(СОТРУДНИКИ!$I$3<>"",СОТРУДНИКИ!$J$3<>"",$II$2>=СОТРУДНИКИ!$I$3,$II$2<=СОТРУДНИКИ!$J$3),"О","")),"О","") -> #VALUE! | IJ4: =IF(OR(IF(AND(СОТРУДНИКИ!$C$3<>"",СОТРУДНИКИ!$D$3<>"",$IJ$2>=СОТРУДНИКИ!$C$3,$IJ$2<=СОТРУДНИКИ!$D$3),"О",""),IF(AND(СОТРУДНИКИ!$F$3<>"",СОТРУДНИКИ!$G$3<>"",$IJ$2>=СОТРУДНИКИ!$F$3,$IJ$2<=СОТРУДНИКИ!$G$3),"О",""),IF(AND(СОТРУДНИКИ!$I$3<>"",СОТРУДНИКИ!$J$3<>"",$IJ$2>=СОТРУДНИКИ!$I$3,$IJ$2<=СОТРУДНИКИ!$J$3),"О","")),"О","") -> #VALUE! | IK4: =IF(OR(IF(AND(СОТРУДНИКИ!$C$3<>"",СОТРУДНИКИ!$D$3<>"",$IK$2>=СОТРУДНИКИ!$C$3,$IK$2<=СОТРУДНИКИ!$D$3),"О",""),IF(AND(СОТРУДНИКИ!$F$3<>"",СОТРУДНИКИ!$G$3<>"",$IK$2>=СОТРУДНИКИ!$F$3,$IK$2<=СОТРУДНИКИ!$G$3),"О",""),IF(AND(СОТРУДНИКИ!$I$3<>"",СОТРУДНИКИ!$J$3<>"",$IK$2>=СОТРУДНИКИ!$I$3,$IK$2<=СОТРУДНИКИ!$J$3),"О","")),"О","") -> #VALUE! | IL4: =IF(OR(IF(AND(СОТРУДНИКИ!$C$3<>"",СОТРУДНИКИ!$D$3<>"",$IL$2>=СОТРУДНИКИ!$C$3,$IL$2<=СОТРУДНИКИ!$D$3),"О",""),IF(AND(СОТРУДНИКИ!$F$3<>"",СОТРУДНИКИ!$G$3<>"",$IL$2>=СОТРУДНИКИ!$F$3,$IL$2<=СОТРУДНИКИ!$G$3),"О",""),IF(AND(СОТРУДНИКИ!$I$3<>"",СОТРУДНИКИ!$J$3<>"",$IL$2>=СОТРУДНИКИ!$I$3,$IL$2<=СОТРУДНИКИ!$J$3),"О","")),"О","") -> #VALUE! | IM4: =IF(OR(IF(AND(СОТРУДНИКИ!$C$3<>"",СОТРУДНИКИ!$D$3<>"",$IM$2>=СОТРУДНИКИ!$C$3,$IM$2<=СОТРУДНИКИ!$D$3),"О",""),IF(AND(СОТРУДНИКИ!$F$3<>"",СОТРУДНИКИ!$G$3<>"",$IM$2>=СОТРУДНИКИ!$F$3,$IM$2<=СОТРУДНИКИ!$G$3),"О",""),IF(AND(СОТРУДНИКИ!$I$3<>"",СОТРУДНИКИ!$J$3<>"",$IM$2>=СОТРУДНИКИ!$I$3,$IM$2<=СОТРУДНИКИ!$J$3),"О","")),"О","") -> #VALUE! | IN4: =IF(OR(IF(AND(СОТРУДНИКИ!$C$3<>"",СОТРУДНИКИ!$D$3<>"",$IN$2>=СОТРУДНИКИ!$C$3,$IN$2<=СОТРУДНИКИ!$D$3),"О",""),IF(AND(СОТРУДНИКИ!$F$3<>"",СОТРУДНИКИ!$G$3<>"",$IN$2>=СОТРУДНИКИ!$F$3,$IN$2<=СОТРУДНИКИ!$G$3),"О",""),IF(AND(СОТРУДНИКИ!$I$3<>"",СОТРУДНИКИ!$J$3<>"",$IN$2>=СОТРУДНИКИ!$I$3,$IN$2<=СОТРУДНИКИ!$J$3),"О","")),"О","") -> #VALUE! | IO4: =IF(OR(IF(AND(СОТРУДНИКИ!$C$3<>"",СОТРУДНИКИ!$D$3<>"",$IO$2>=СОТРУДНИКИ!$C$3,$IO$2<=СОТРУДНИКИ!$D$3),"О",""),IF(AND(СОТРУДНИКИ!$F$3<>"",СОТРУДНИКИ!$G$3<>"",$IO$2>=СОТРУДНИКИ!$F$3,$IO$2<=СОТРУДНИКИ!$G$3),"О",""),IF(AND(СОТРУДНИКИ!$I$3<>"",СОТРУДНИКИ!$J$3<>"",$IO$2>=СОТРУДНИКИ!$I$3,$IO$2<=СОТРУДНИКИ!$J$3),"О","")),"О","") -> #VALUE! | IP4: =IF(OR(IF(AND(СОТРУДНИКИ!$C$3<>"",СОТРУДНИКИ!$D$3<>"",$IP$2>=СОТРУДНИКИ!$C$3,$IP$2<=СОТРУДНИКИ!$D$3),"О",""),IF(AND(СОТРУДНИКИ!$F$3<>"",СОТРУДНИКИ!$G$3<>"",$IP$2>=СОТРУДНИКИ!$F$3,$IP$2<=СОТРУДНИКИ!$G$3),"О",""),IF(AND(СОТРУДНИКИ!$I$3<>"",СОТРУДНИКИ!$J$3<>"",$IP$2>=СОТРУДНИКИ!$I$3,$IP$2<=СОТРУДНИКИ!$J$3),"О","")),"О","") -> #VALUE! | IQ4: =IF(OR(IF(AND(СОТРУДНИКИ!$C$3<>"",СОТРУДНИКИ!$D$3<>"",$IQ$2>=СОТРУДНИКИ!$C$3,$IQ$2<=СОТРУДНИКИ!$D$3),"О",""),IF(AND(СОТРУДНИКИ!$F$3<>"",СОТРУДНИКИ!$G$3<>"",$IQ$2>=СОТРУДНИКИ!$F$3,$IQ$2<=СОТРУДНИКИ!$G$3),"О",""),IF(AND(СОТРУДНИКИ!$I$3<>"",СОТРУДНИКИ!$J$3<>"",$IQ$2>=СОТРУДНИКИ!$I$3,$IQ$2<=СОТРУДНИКИ!$J$3),"О","")),"О","") -> #VALUE! | IR4: =IF(OR(IF(AND(СОТРУДНИКИ!$C$3<>"",СОТРУДНИКИ!$D$3<>"",$IR$2>=СОТРУДНИКИ!$C$3,$IR$2<=СОТРУДНИКИ!$D$3),"О",""),IF(AND(СОТРУДНИКИ!$F$3<>"",СОТРУДНИКИ!$G$3<>"",$IR$2>=СОТРУДНИКИ!$F$3,$IR$2<=СОТРУДНИКИ!$G$3),"О",""),IF(AND(СОТРУДНИКИ!$I$3<>"",СОТРУДНИКИ!$J$3<>"",$IR$2>=СОТРУДНИКИ!$I$3,$IR$2<=СОТРУДНИКИ!$J$3),"О","")),"О","") -> #VALUE! | IS4: =IF(OR(IF(AND(СОТРУДНИКИ!$C$3<>"",СОТРУДНИКИ!$D$3<>"",$IS$2>=СОТРУДНИКИ!$C$3,$IS$2<=СОТРУДНИКИ!$D$3),"О",""),IF(AND(СОТРУДНИКИ!$F$3<>"",СОТРУДНИКИ!$G$3<>"",$IS$2>=СОТРУДНИКИ!$F$3,$IS$2<=СОТРУДНИКИ!$G$3),"О",""),IF(AND(СОТРУДНИКИ!$I$3<>"",СОТРУДНИКИ!$J$3<>"",$IS$2>=СОТРУДНИКИ!$I$3,$IS$2<=СОТРУДНИКИ!$J$3),"О","")),"О","") -> #VALUE! | IT4: =IF(OR(IF(AND(СОТРУДНИКИ!$C$3<>"",СОТРУДНИКИ!$D$3<>"",$IT$2>=СОТРУДНИКИ!$C$3,$IT$2<=СОТРУДНИКИ!$D$3),"О",""),IF(AND(СОТРУДНИКИ!$F$3<>"",СОТРУДНИКИ!$G$3<>"",$IT$2>=СОТРУДНИКИ!$F$3,$IT$2<=СОТРУДНИКИ!$G$3),"О",""),IF(AND(СОТРУДНИКИ!$I$3<>"",СОТРУДНИКИ!$J$3<>"",$IT$2>=СОТРУДНИКИ!$I$3,$IT$2<=СОТРУДНИКИ!$J$3),"О","")),"О","") -> #VALUE! | IU4: =IF(OR(IF(AND(СОТРУДНИКИ!$C$3<>"",СОТРУДНИКИ!$D$3<>"",$IU$2>=СОТРУДНИКИ!$C$3,$IU$2<=СОТРУДНИКИ!$D$3),"О",""),IF(AND(СОТРУДНИКИ!$F$3<>"",СОТРУДНИКИ!$G$3<>"",$IU$2>=СОТРУДНИКИ!$F$3,$IU$2<=СОТРУДНИКИ!$G$3),"О",""),IF(AND(СОТРУДНИКИ!$I$3<>"",СОТРУДНИКИ!$J$3<>"",$IU$2>=СОТРУДНИКИ!$I$3,$IU$2<=СОТРУДНИКИ!$J$3),"О","")),"О","") -> #VALUE! | IV4: =IF(OR(IF(AND(СОТРУДНИКИ!$C$3<>"",СОТРУДНИКИ!$D$3<>"",$IV$2>=СОТРУДНИКИ!$C$3,$IV$2<=СОТРУДНИКИ!$D$3),"О",""),IF(AND(СОТРУДНИКИ!$F$3<>"",СОТРУДНИКИ!$G$3<>"",$IV$2>=СОТРУДНИКИ!$F$3,$IV$2<=СОТРУДНИКИ!$G$3),"О",""),IF(AND(СОТРУДНИКИ!$I$3<>"",СОТРУДНИКИ!$J$3<>"",$IV$2>=СОТРУДНИКИ!$I$3,$IV$2<=СОТРУДНИКИ!$J$3),"О","")),"О","") -> #VALUE! | IW4: =IF(OR(IF(AND(СОТРУДНИКИ!$C$3<>"",СОТРУДНИКИ!$D$3<>"",$IW$2>=СОТРУДНИКИ!$C$3,$IW$2<=СОТРУДНИКИ!$D$3),"О",""),IF(AND(СОТРУДНИКИ!$F$3<>"",СОТРУДНИКИ!$G$3<>"",$IW$2>=СОТРУДНИКИ!$F$3,$IW$2<=СОТРУДНИКИ!$G$3),"О",""),IF(AND(СОТРУДНИКИ!$I$3<>"",СОТРУДНИКИ!$J$3<>"",$IW$2>=СОТРУДНИКИ!$I$3,$IW$2<=СОТРУДНИКИ!$J$3),"О","")),"О","") -> #VALUE! | IX4: =IF(OR(IF(AND(СОТРУДНИКИ!$C$3<>"",СОТРУДНИКИ!$D$3<>"",$IX$2>=СОТРУДНИКИ!$C$3,$IX$2<=СОТРУДНИКИ!$D$3),"О",""),IF(AND(СОТРУДНИКИ!$F$3<>"",СОТРУДНИКИ!$G$3<>"",$IX$2>=СОТРУДНИКИ!$F$3,$IX$2<=СОТРУДНИКИ!$G$3),"О",""),IF(AND(СОТРУДНИКИ!$I$3<>"",СОТРУДНИКИ!$J$3<>"",$IX$2>=СОТРУДНИКИ!$I$3,$IX$2<=СОТРУДНИКИ!$J$3),"О","")),"О","") -> #VALUE! | IY4: =IF(OR(IF(AND(СОТРУДНИКИ!$C$3<>"",СОТРУДНИКИ!$D$3<>"",$IY$2>=СОТРУДНИКИ!$C$3,$IY$2<=СОТРУДНИКИ!$D$3),"О",""),IF(AND(СОТРУДНИКИ!$F$3<>"",СОТРУДНИКИ!$G$3<>"",$IY$2>=СОТРУДНИКИ!$F$3,$IY$2<=СОТРУДНИКИ!$G$3),"О",""),IF(AND(СОТРУДНИКИ!$I$3<>"",СОТРУДНИКИ!$J$3<>"",$IY$2>=СОТРУДНИКИ!$I$3,$IY$2<=СОТРУДНИКИ!$J$3),"О","")),"О","") -> #VALUE! | IZ4: =IF(OR(IF(AND(СОТРУДНИКИ!$C$3<>"",СОТРУДНИКИ!$D$3<>"",$IZ$2>=СОТРУДНИКИ!$C$3,$IZ$2<=СОТРУДНИКИ!$D$3),"О",""),IF(AND(СОТРУДНИКИ!$F$3<>"",СОТРУДНИКИ!$G$3<>"",$IZ$2>=СОТРУДНИКИ!$F$3,$IZ$2<=СОТРУДНИКИ!$G$3),"О",""),IF(AND(СОТРУДНИКИ!$I$3<>"",СОТРУДНИКИ!$J$3<>"",$IZ$2>=СОТРУДНИКИ!$I$3,$IZ$2<=СОТРУДНИКИ!$J$3),"О","")),"О","") -> #VALUE! | JA4: =IF(OR(IF(AND(СОТРУДНИКИ!$C$3<>"",СОТРУДНИКИ!$D$3<>"",$JA$2>=СОТРУДНИКИ!$C$3,$JA$2<=СОТРУДНИКИ!$D$3),"О",""),IF(AND(СОТРУДНИКИ!$F$3<>"",СОТРУДНИКИ!$G$3<>"",$JA$2>=СОТРУДНИКИ!$F$3,$JA$2<=СОТРУДНИКИ!$G$3),"О",""),IF(AND(СОТРУДНИКИ!$I$3<>"",СОТРУДНИКИ!$J$3<>"",$JA$2>=СОТРУДНИКИ!$I$3,$JA$2<=СОТРУДНИКИ!$J$3),"О","")),"О","") -> #VALUE! | JB4: =IF(OR(IF(AND(СОТРУДНИКИ!$C$3<>"",СОТРУДНИКИ!$D$3<>"",$JB$2>=СОТРУДНИКИ!$C$3,$JB$2<=СОТРУДНИКИ!$D$3),"О",""),IF(AND(СОТРУДНИКИ!$F$3<>"",СОТРУДНИКИ!$G$3<>"",$JB$2>=СОТРУДНИКИ!$F$3,$JB$2<=СОТРУДНИКИ!$G$3),"О",""),IF(AND(СОТРУДНИКИ!$I$3<>"",СОТРУДНИКИ!$J$3<>"",$JB$2>=СОТРУДНИКИ!$I$3,$JB$2<=СОТРУДНИКИ!$J$3),"О","")),"О","") -> #VALUE! | JC4: =IF(OR(IF(AND(СОТРУДНИКИ!$C$3<>"",СОТРУДНИКИ!$D$3<>"",$JC$2>=СОТРУДНИКИ!$C$3,$JC$2<=СОТРУДНИКИ!$D$3),"О",""),IF(AND(СОТРУДНИКИ!$F$3<>"",СОТРУДНИКИ!$G$3<>"",$JC$2>=СОТРУДНИКИ!$F$3,$JC$2<=СОТРУДНИКИ!$G$3),"О",""),IF(AND(СОТРУДНИКИ!$I$3<>"",СОТРУДНИКИ!$J$3<>"",$JC$2>=СОТРУДНИКИ!$I$3,$JC$2<=СОТРУДНИКИ!$J$3),"О","")),"О","") -> #VALUE! | JD4: =IF(OR(IF(AND(СОТРУДНИКИ!$C$3<>"",СОТРУДНИКИ!$D$3<>"",$JD$2>=СОТРУДНИКИ!$C$3,$JD$2<=СОТРУДНИКИ!$D$3),"О",""),IF(AND(СОТРУДНИКИ!$F$3<>"",СОТРУДНИКИ!$G$3<>"",$JD$2>=СОТРУДНИКИ!$F$3,$JD$2<=СОТРУДНИКИ!$G$3),"О",""),IF(AND(СОТРУДНИКИ!$I$3<>"",СОТРУДНИКИ!$J$3<>"",$JD$2>=СОТРУДНИКИ!$I$3,$JD$2<=СОТРУДНИКИ!$J$3),"О","")),"О","") -> #VALUE! | JE4: =IF(OR(IF(AND(СОТРУДНИКИ!$C$3<>"",СОТРУДНИКИ!$D$3<>"",$JE$2>=СОТРУДНИКИ!$C$3,$JE$2<=СОТРУДНИКИ!$D$3),"О",""),IF(AND(СОТРУДНИКИ!$F$3<>"",СОТРУДНИКИ!$G$3<>"",$JE$2>=СОТРУДНИКИ!$F$3,$JE$2<=СОТРУДНИКИ!$G$3),"О",""),IF(AND(СОТРУДНИКИ!$I$3<>"",СОТРУДНИКИ!$J$3<>"",$JE$2>=СОТРУДНИКИ!$I$3,$JE$2<=СОТРУДНИКИ!$J$3),"О","")),"О","") -> #VALUE! | JF4: =IF(OR(IF(AND(СОТРУДНИКИ!$C$3<>"",СОТРУДНИКИ!$D$3<>"",$JF$2>=СОТРУДНИКИ!$C$3,$JF$2<=СОТРУДНИКИ!$D$3),"О",""),IF(AND(СОТРУДНИКИ!$F$3<>"",СОТРУДНИКИ!$G$3<>"",$JF$2>=СОТРУДНИКИ!$F$3,$JF$2<=СОТРУДНИКИ!$G$3),"О",""),IF(AND(СОТРУДНИКИ!$I$3<>"",СОТРУДНИКИ!$J$3<>"",$JF$2>=СОТРУДНИКИ!$I$3,$JF$2<=СОТРУДНИКИ!$J$3),"О","")),"О","") -> #VALUE! | JG4: =IF(OR(IF(AND(СОТРУДНИКИ!$C$3<>"",СОТРУДНИКИ!$D$3<>"",$JG$2>=СОТРУДНИКИ!$C$3,$JG$2<=СОТРУДНИКИ!$D$3),"О",""),IF(AND(СОТРУДНИКИ!$F$3<>"",СОТРУДНИКИ!$G$3<>"",$JG$2>=СОТРУДНИКИ!$F$3,$JG$2<=СОТРУДНИКИ!$G$3),"О",""),IF(AND(СОТРУДНИКИ!$I$3<>"",СОТРУДНИКИ!$J$3<>"",$JG$2>=СОТРУДНИКИ!$I$3,$JG$2<=СОТРУДНИКИ!$J$3),"О","")),"О","") -> #VALUE! | JH4: =IF(OR(IF(AND(СОТРУДНИКИ!$C$3<>"",СОТРУДНИКИ!$D$3<>"",$JH$2>=СОТРУДНИКИ!$C$3,$JH$2<=СОТРУДНИКИ!$D$3),"О",""),IF(AND(СОТРУДНИКИ!$F$3<>"",СОТРУДНИКИ!$G$3<>"",$JH$2>=СОТРУДНИКИ!$F$3,$JH$2<=СОТРУДНИКИ!$G$3),"О",""),IF(AND(СОТРУДНИКИ!$I$3<>"",СОТРУДНИКИ!$J$3<>"",$JH$2>=СОТРУДНИКИ!$I$3,$JH$2<=СОТРУДНИКИ!$J$3),"О","")),"О","") -> #VALUE! | JI4: =IF(OR(IF(AND(СОТРУДНИКИ!$C$3<>"",СОТРУДНИКИ!$D$3<>"",$JI$2>=СОТРУДНИКИ!$C$3,$JI$2<=СОТРУДНИКИ!$D$3),"О",""),IF(AND(СОТРУДНИКИ!$F$3<>"",СОТРУДНИКИ!$G$3<>"",$JI$2>=СОТРУДНИКИ!$F$3,$JI$2<=СОТРУДНИКИ!$G$3),"О",""),IF(AND(СОТРУДНИКИ!$I$3<>"",СОТРУДНИКИ!$J$3<>"",$JI$2>=СОТРУДНИКИ!$I$3,$JI$2<=СОТРУДНИКИ!$J$3),"О","")),"О","") -> #VALUE! | JJ4: =IF(OR(IF(AND(СОТРУДНИКИ!$C$3<>"",СОТРУДНИКИ!$D$3<>"",$JJ$2>=СОТРУДНИКИ!$C$3,$JJ$2<=СОТРУДНИКИ!$D$3),"О",""),IF(AND(СОТРУДНИКИ!$F$3<>"",СОТРУДНИКИ!$G$3<>"",$JJ$2>=СОТРУДНИКИ!$F$3,$JJ$2<=СОТРУДНИКИ!$G$3),"О",""),IF(AND(СОТРУДНИКИ!$I$3<>"",СОТРУДНИКИ!$J$3<>"",$JJ$2>=СОТРУДНИКИ!$I$3,$JJ$2<=СОТРУДНИКИ!$J$3),"О","")),"О","") -> #VALUE! | JK4: =IF(OR(IF(AND(СОТРУДНИКИ!$C$3<>"",СОТРУДНИКИ!$D$3<>"",$JK$2>=СОТРУДНИКИ!$C$3,$JK$2<=СОТРУДНИКИ!$D$3),"О",""),IF(AND(СОТРУДНИКИ!$F$3<>"",СОТРУДНИКИ!$G$3<>"",$JK$2>=СОТРУДНИКИ!$F$3,$JK$2<=СОТРУДНИКИ!$G$3),"О",""),IF(AND(СОТРУДНИКИ!$I$3<>"",СОТРУДНИКИ!$J$3<>"",$JK$2>=СОТРУДНИКИ!$I$3,$JK$2<=СОТРУДНИКИ!$J$3),"О","")),"О","") -> #VALUE! | JL4: =IF(OR(IF(AND(СОТРУДНИКИ!$C$3<>"",СОТРУДНИКИ!$D$3<>"",$JL$2>=СОТРУДНИКИ!$C$3,$JL$2<=СОТРУДНИКИ!$D$3),"О",""),IF(AND(СОТРУДНИКИ!$F$3<>"",СОТРУДНИКИ!$G$3<>"",$JL$2>=СОТРУДНИКИ!$F$3,$JL$2<=СОТРУДНИКИ!$G$3),"О",""),IF(AND(СОТРУДНИКИ!$I$3<>"",СОТРУДНИКИ!$J$3<>"",$JL$2>=СОТРУДНИКИ!$I$3,$JL$2<=СОТРУДНИКИ!$J$3),"О","")),"О","") -> #VALUE! | JM4: =IF(OR(IF(AND(СОТРУДНИКИ!$C$3<>"",СОТРУДНИКИ!$D$3<>"",$JM$2>=СОТРУДНИКИ!$C$3,$JM$2<=СОТРУДНИКИ!$D$3),"О",""),IF(AND(СОТРУДНИКИ!$F$3<>"",СОТРУДНИКИ!$G$3<>"",$JM$2>=СОТРУДНИКИ!$F$3,$JM$2<=СОТРУДНИКИ!$G$3),"О",""),IF(AND(СОТРУДНИКИ!$I$3<>"",СОТРУДНИКИ!$J$3<>"",$JM$2>=СОТРУДНИКИ!$I$3,$JM$2<=СОТРУДНИКИ!$J$3),"О","")),"О","") -> #VALUE! | JN4: =IF(OR(IF(AND(СОТРУДНИКИ!$C$3<>"",СОТРУДНИКИ!$D$3<>"",$JN$2>=СОТРУДНИКИ!$C$3,$JN$2<=СОТРУДНИКИ!$D$3),"О",""),IF(AND(СОТРУДНИКИ!$F$3<>"",СОТРУДНИКИ!$G$3<>"",$JN$2>=СОТРУДНИКИ!$F$3,$JN$2<=СОТРУДНИКИ!$G$3),"О",""),IF(AND(СОТРУДНИКИ!$I$3<>"",СОТРУДНИКИ!$J$3<>"",$JN$2>=СОТРУДНИКИ!$I$3,$JN$2<=СОТРУДНИКИ!$J$3),"О","")),"О","") -> #VALUE! | JO4: =IF(OR(IF(AND(СОТРУДНИКИ!$C$3<>"",СОТРУДНИКИ!$D$3<>"",$JO$2>=СОТРУДНИКИ!$C$3,$JO$2<=СОТРУДНИКИ!$D$3),"О",""),IF(AND(СОТРУДНИКИ!$F$3<>"",СОТРУДНИКИ!$G$3<>"",$JO$2>=СОТРУДНИКИ!$F$3,$JO$2<=СОТРУДНИКИ!$G$3),"О",""),IF(AND(СОТРУДНИКИ!$I$3<>"",СОТРУДНИКИ!$J$3<>"",$JO$2>=СОТРУДНИКИ!$I$3,$JO$2<=СОТРУДНИКИ!$J$3),"О","")),"О","") -> #VALUE! | JP4: =IF(OR(IF(AND(СОТРУДНИКИ!$C$3<>"",СОТРУДНИКИ!$D$3<>"",$JP$2>=СОТРУДНИКИ!$C$3,$JP$2<=СОТРУДНИКИ!$D$3),"О",""),IF(AND(СОТРУДНИКИ!$F$3<>"",СОТРУДНИКИ!$G$3<>"",$JP$2>=СОТРУДНИКИ!$F$3,$JP$2<=СОТРУДНИКИ!$G$3),"О",""),IF(AND(СОТРУДНИКИ!$I$3<>"",СОТРУДНИКИ!$J$3<>"",$JP$2>=СОТРУДНИКИ!$I$3,$JP$2<=СОТРУДНИКИ!$J$3),"О","")),"О","") -> #VALUE! | JQ4: =IF(OR(IF(AND(СОТРУДНИКИ!$C$3<>"",СОТРУДНИКИ!$D$3<>"",$JQ$2>=СОТРУДНИКИ!$C$3,$JQ$2<=СОТРУДНИКИ!$D$3),"О",""),IF(AND(СОТРУДНИКИ!$F$3<>"",СОТРУДНИКИ!$G$3<>"",$JQ$2>=СОТРУДНИКИ!$F$3,$JQ$2<=СОТРУДНИКИ!$G$3),"О",""),IF(AND(СОТРУДНИКИ!$I$3<>"",СОТРУДНИКИ!$J$3<>"",$JQ$2>=СОТРУДНИКИ!$I$3,$JQ$2<=СОТРУДНИКИ!$J$3),"О","")),"О","") -> #VALUE! | JR4: =IF(OR(IF(AND(СОТРУДНИКИ!$C$3<>"",СОТРУДНИКИ!$D$3<>"",$JR$2>=СОТРУДНИКИ!$C$3,$JR$2<=СОТРУДНИКИ!$D$3),"О",""),IF(AND(СОТРУДНИКИ!$F$3<>"",СОТРУДНИКИ!$G$3<>"",$JR$2>=СОТРУДНИКИ!$F$3,$JR$2<=СОТРУДНИКИ!$G$3),"О",""),IF(AND(СОТРУДНИКИ!$I$3<>"",СОТРУДНИКИ!$J$3<>"",$JR$2>=СОТРУДНИКИ!$I$3,$JR$2<=СОТРУДНИКИ!$J$3),"О","")),"О","") -> #VALUE! | JS4: =IF(OR(IF(AND(СОТРУДНИКИ!$C$3<>"",СОТРУДНИКИ!$D$3<>"",$JS$2>=СОТРУДНИКИ!$C$3,$JS$2<=СОТРУДНИКИ!$D$3),"О",""),IF(AND(СОТРУДНИКИ!$F$3<>"",СОТРУДНИКИ!$G$3<>"",$JS$2>=СОТРУДНИКИ!$F$3,$JS$2<=СОТРУДНИКИ!$G$3),"О",""),IF(AND(СОТРУДНИКИ!$I$3<>"",СОТРУДНИКИ!$J$3<>"",$JS$2>=СОТРУДНИКИ!$I$3,$JS$2<=СОТРУДНИКИ!$J$3),"О","")),"О","") -> #VALUE! | JT4: =IF(OR(IF(AND(СОТРУДНИКИ!$C$3<>"",СОТРУДНИКИ!$D$3<>"",$JT$2>=СОТРУДНИКИ!$C$3,$JT$2<=СОТРУДНИКИ!$D$3),"О",""),IF(AND(СОТРУДНИКИ!$F$3<>"",СОТРУДНИКИ!$G$3<>"",$JT$2>=СОТРУДНИКИ!$F$3,$JT$2<=СОТРУДНИКИ!$G$3),"О",""),IF(AND(СОТРУДНИКИ!$I$3<>"",СОТРУДНИКИ!$J$3<>"",$JT$2>=СОТРУДНИКИ!$I$3,$JT$2<=СОТРУДНИКИ!$J$3),"О","")),"О","") -> #VALUE! | JU4: =IF(OR(IF(AND(СОТРУДНИКИ!$C$3<>"",СОТРУДНИКИ!$D$3<>"",$JU$2>=СОТРУДНИКИ!$C$3,$JU$2<=СОТРУДНИКИ!$D$3),"О",""),IF(AND(СОТРУДНИКИ!$F$3<>"",СОТРУДНИКИ!$G$3<>"",$JU$2>=СОТРУДНИКИ!$F$3,$JU$2<=СОТРУДНИКИ!$G$3),"О",""),IF(AND(СОТРУДНИКИ!$I$3<>"",СОТРУДНИКИ!$J$3<>"",$JU$2>=СОТРУДНИКИ!$I$3,$JU$2<=СОТРУДНИКИ!$J$3),"О","")),"О","") -> #VALUE! | JV4: =IF(OR(IF(AND(СОТРУДНИКИ!$C$3<>"",СОТРУДНИКИ!$D$3<>"",$JV$2>=СОТРУДНИКИ!$C$3,$JV$2<=СОТРУДНИКИ!$D$3),"О",""),IF(AND(СОТРУДНИКИ!$F$3<>"",СОТРУДНИКИ!$G$3<>"",$JV$2>=СОТРУДНИКИ!$F$3,$JV$2<=СОТРУДНИКИ!$G$3),"О",""),IF(AND(СОТРУДНИКИ!$I$3<>"",СОТРУДНИКИ!$J$3<>"",$JV$2>=СОТРУДНИКИ!$I$3,$JV$2<=СОТРУДНИКИ!$J$3),"О","")),"О","") -> #VALUE! | JW4: =IF(OR(IF(AND(СОТРУДНИКИ!$C$3<>"",СОТРУДНИКИ!$D$3<>"",$JW$2>=СОТРУДНИКИ!$C$3,$JW$2<=СОТРУДНИКИ!$D$3),"О",""),IF(AND(СОТРУДНИКИ!$F$3<>"",СОТРУДНИКИ!$G$3<>"",$JW$2>=СОТРУДНИКИ!$F$3,$JW$2<=СОТРУДНИКИ!$G$3),"О",""),IF(AND(СОТРУДНИКИ!$I$3<>"",СОТРУДНИКИ!$J$3<>"",$JW$2>=СОТРУДНИКИ!$I$3,$JW$2<=СОТРУДНИКИ!$J$3),"О","")),"О","") -> #VALUE! | JX4: =IF(OR(IF(AND(СОТРУДНИКИ!$C$3<>"",СОТРУДНИКИ!$D$3<>"",$JX$2>=СОТРУДНИКИ!$C$3,$JX$2<=СОТРУДНИКИ!$D$3),"О",""),IF(AND(СОТРУДНИКИ!$F$3<>"",СОТРУДНИКИ!$G$3<>"",$JX$2>=СОТРУДНИКИ!$F$3,$JX$2<=СОТРУДНИКИ!$G$3),"О",""),IF(AND(СОТРУДНИКИ!$I$3<>"",СОТРУДНИКИ!$J$3<>"",$JX$2>=СОТРУДНИКИ!$I$3,$JX$2<=СОТРУДНИКИ!$J$3),"О","")),"О","") -> #VALUE! | JY4: =IF(OR(IF(AND(СОТРУДНИКИ!$C$3<>"",СОТРУДНИКИ!$D$3<>"",$JY$2>=СОТРУДНИКИ!$C$3,$JY$2<=СОТРУДНИКИ!$D$3),"О",""),IF(AND(СОТРУДНИКИ!$F$3<>"",СОТРУДНИКИ!$G$3<>"",$JY$2>=СОТРУДНИКИ!$F$3,$JY$2<=СОТРУДНИКИ!$G$3),"О",""),IF(AND(СОТРУДНИКИ!$I$3<>"",СОТРУДНИКИ!$J$3<>"",$JY$2>=СОТРУДНИКИ!$I$3,$JY$2<=СОТРУДНИКИ!$J$3),"О","")),"О","") -> #VALUE! | JZ4: =IF(OR(IF(AND(СОТРУДНИКИ!$C$3<>"",СОТРУДНИКИ!$D$3<>"",$JZ$2>=СОТРУДНИКИ!$C$3,$JZ$2<=СОТРУДНИКИ!$D$3),"О",""),IF(AND(СОТРУДНИКИ!$F$3<>"",СОТРУДНИКИ!$G$3<>"",$JZ$2>=СОТРУДНИКИ!$F$3,$JZ$2<=СОТРУДНИКИ!$G$3),"О",""),IF(AND(СОТРУДНИКИ!$I$3<>"",СОТРУДНИКИ!$J$3<>"",$JZ$2>=СОТРУДНИКИ!$I$3,$JZ$2<=СОТРУДНИКИ!$J$3),"О","")),"О","") -> #VALUE! | KA4: =IF(OR(IF(AND(СОТРУДНИКИ!$C$3<>"",СОТРУДНИКИ!$D$3<>"",$KA$2>=СОТРУДНИКИ!$C$3,$KA$2<=СОТРУДНИКИ!$D$3),"О",""),IF(AND(СОТРУДНИКИ!$F$3<>"",СОТРУДНИКИ!$G$3<>"",$KA$2>=СОТРУДНИКИ!$F$3,$KA$2<=СОТРУДНИКИ!$G$3),"О",""),IF(AND(СОТРУДНИКИ!$I$3<>"",СОТРУДНИКИ!$J$3<>"",$KA$2>=СОТРУДНИКИ!$I$3,$KA$2<=СОТРУДНИКИ!$J$3),"О","")),"О","") -> #VALUE! | KB4: =IF(OR(IF(AND(СОТРУДНИКИ!$C$3<>"",СОТРУДНИКИ!$D$3<>"",$KB$2>=СОТРУДНИКИ!$C$3,$KB$2<=СОТРУДНИКИ!$D$3),"О",""),IF(AND(СОТРУДНИКИ!$F$3<>"",СОТРУДНИКИ!$G$3<>"",$KB$2>=СОТРУДНИКИ!$F$3,$KB$2<=СОТРУДНИКИ!$G$3),"О",""),IF(AND(СОТРУДНИКИ!$I$3<>"",СОТРУДНИКИ!$J$3<>"",$KB$2>=СОТРУДНИКИ!$I$3,$KB$2<=СОТРУДНИКИ!$J$3),"О","")),"О","") -> #VALUE! | KC4: =IF(OR(IF(AND(СОТРУДНИКИ!$C$3<>"",СОТРУДНИКИ!$D$3<>"",$KC$2>=СОТРУДНИКИ!$C$3,$KC$2<=СОТРУДНИКИ!$D$3),"О",""),IF(AND(СОТРУДНИКИ!$F$3<>"",СОТРУДНИКИ!$G$3<>"",$KC$2>=СОТРУДНИКИ!$F$3,$KC$2<=СОТРУДНИКИ!$G$3),"О",""),IF(AND(СОТРУДНИКИ!$I$3<>"",СОТРУДНИКИ!$J$3<>"",$KC$2>=СОТРУДНИКИ!$I$3,$KC$2<=СОТРУДНИКИ!$J$3),"О","")),"О","") -> #VALUE! | KD4: =IF(OR(IF(AND(СОТРУДНИКИ!$C$3<>"",СОТРУДНИКИ!$D$3<>"",$KD$2>=СОТРУДНИКИ!$C$3,$KD$2<=СОТРУДНИКИ!$D$3),"О",""),IF(AND(СОТРУДНИКИ!$F$3<>"",СОТРУДНИКИ!$G$3<>"",$KD$2>=СОТРУДНИКИ!$F$3,$KD$2<=СОТРУДНИКИ!$G$3),"О",""),IF(AND(СОТРУДНИКИ!$I$3<>"",СОТРУДНИКИ!$J$3<>"",$KD$2>=СОТРУДНИКИ!$I$3,$KD$2<=СОТРУДНИКИ!$J$3),"О","")),"О","") -> #VALUE! | KE4: =IF(OR(IF(AND(СОТРУДНИКИ!$C$3<>"",СОТРУДНИКИ!$D$3<>"",$KE$2>=СОТРУДНИКИ!$C$3,$KE$2<=СОТРУДНИКИ!$D$3),"О",""),IF(AND(СОТРУДНИКИ!$F$3<>"",СОТРУДНИКИ!$G$3<>"",$KE$2>=СОТРУДНИКИ!$F$3,$KE$2<=СОТРУДНИКИ!$G$3),"О",""),IF(AND(СОТРУДНИКИ!$I$3<>"",СОТРУДНИКИ!$J$3<>"",$KE$2>=СОТРУДНИКИ!$I$3,$KE$2<=СОТРУДНИКИ!$J$3),"О","")),"О","") -> #VALUE! | KF4: =IF(OR(IF(AND(СОТРУДНИКИ!$C$3<>"",СОТРУДНИКИ!$D$3<>"",$KF$2>=СОТРУДНИКИ!$C$3,$KF$2<=СОТРУДНИКИ!$D$3),"О",""),IF(AND(СОТРУДНИКИ!$F$3<>"",СОТРУДНИКИ!$G$3<>"",$KF$2>=СОТРУДНИКИ!$F$3,$KF$2<=СОТРУДНИКИ!$G$3),"О",""),IF(AND(СОТРУДНИКИ!$I$3<>"",СОТРУДНИКИ!$J$3<>"",$KF$2>=СОТРУДНИКИ!$I$3,$KF$2<=СОТРУДНИКИ!$J$3),"О","")),"О","") -> #VALUE! | KG4: =IF(OR(IF(AND(СОТРУДНИКИ!$C$3<>"",СОТРУДНИКИ!$D$3<>"",$KG$2>=СОТРУДНИКИ!$C$3,$KG$2<=СОТРУДНИКИ!$D$3),"О",""),IF(AND(СОТРУДНИКИ!$F$3<>"",СОТРУДНИКИ!$G$3<>"",$KG$2>=СОТРУДНИКИ!$F$3,$KG$2<=СОТРУДНИКИ!$G$3),"О",""),IF(AND(СОТРУДНИКИ!$I$3<>"",СОТРУДНИКИ!$J$3<>"",$KG$2>=СОТРУДНИКИ!$I$3,$KG$2<=СОТРУДНИКИ!$J$3),"О","")),"О","") -> #VALUE! | KH4: =IF(OR(IF(AND(СОТРУДНИКИ!$C$3<>"",СОТРУДНИКИ!$D$3<>"",$KH$2>=СОТРУДНИКИ!$C$3,$KH$2<=СОТРУДНИКИ!$D$3),"О",""),IF(AND(СОТРУДНИКИ!$F$3<>"",СОТРУДНИКИ!$G$3<>"",$KH$2>=СОТРУДНИКИ!$F$3,$KH$2<=СОТРУДНИКИ!$G$3),"О",""),IF(AND(СОТРУДНИКИ!$I$3<>"",СОТРУДНИКИ!$J$3<>"",$KH$2>=СОТРУДНИКИ!$I$3,$KH$2<=СОТРУДНИКИ!$J$3),"О","")),"О","") -> #VALUE! | KI4: =IF(OR(IF(AND(СОТРУДНИКИ!$C$3<>"",СОТРУДНИКИ!$D$3<>"",$KI$2>=СОТРУДНИКИ!$C$3,$KI$2<=СОТРУДНИКИ!$D$3),"О",""),IF(AND(СОТРУДНИКИ!$F$3<>"",СОТРУДНИКИ!$G$3<>"",$KI$2>=СОТРУДНИКИ!$F$3,$KI$2<=СОТРУДНИКИ!$G$3),"О",""),IF(AND(СОТРУДНИКИ!$I$3<>"",СОТРУДНИКИ!$J$3<>"",$KI$2>=СОТРУДНИКИ!$I$3,$KI$2<=СОТРУДНИКИ!$J$3),"О","")),"О","") -> #VALUE! | KJ4: =IF(OR(IF(AND(СОТРУДНИКИ!$C$3<>"",СОТРУДНИКИ!$D$3<>"",$KJ$2>=СОТРУДНИКИ!$C$3,$KJ$2<=СОТРУДНИКИ!$D$3),"О",""),IF(AND(СОТРУДНИКИ!$F$3<>"",СОТРУДНИКИ!$G$3<>"",$KJ$2>=СОТРУДНИКИ!$F$3,$KJ$2<=СОТРУДНИКИ!$G$3),"О",""),IF(AND(СОТРУДНИКИ!$I$3<>"",СОТРУДНИКИ!$J$3<>"",$KJ$2>=СОТРУДНИКИ!$I$3,$KJ$2<=СОТРУДНИКИ!$J$3),"О","")),"О","") -> #VALUE! | KK4: =IF(OR(IF(AND(СОТРУДНИКИ!$C$3<>"",СОТРУДНИКИ!$D$3<>"",$KK$2>=СОТРУДНИКИ!$C$3,$KK$2<=СОТРУДНИКИ!$D$3),"О",""),IF(AND(СОТРУДНИКИ!$F$3<>"",СОТРУДНИКИ!$G$3<>"",$KK$2>=СОТРУДНИКИ!$F$3,$KK$2<=СОТРУДНИКИ!$G$3),"О",""),IF(AND(СОТРУДНИКИ!$I$3<>"",СОТРУДНИКИ!$J$3<>"",$KK$2>=СОТРУДНИКИ!$I$3,$KK$2<=СОТРУДНИКИ!$J$3),"О","")),"О","") -> #VALUE! | KL4: =IF(OR(IF(AND(СОТРУДНИКИ!$C$3<>"",СОТРУДНИКИ!$D$3<>"",$KL$2>=СОТРУДНИКИ!$C$3,$KL$2<=СОТРУДНИКИ!$D$3),"О",""),IF(AND(СОТРУДНИКИ!$F$3<>"",СОТРУДНИКИ!$G$3<>"",$KL$2>=СОТРУДНИКИ!$F$3,$KL$2<=СОТРУДНИКИ!$G$3),"О",""),IF(AND(СОТРУДНИКИ!$I$3<>"",СОТРУДНИКИ!$J$3<>"",$KL$2>=СОТРУДНИКИ!$I$3,$KL$2<=СОТРУДНИКИ!$J$3),"О","")),"О","") -> #VALUE! | KM4: =IF(OR(IF(AND(СОТРУДНИКИ!$C$3<>"",СОТРУДНИКИ!$D$3<>"",$KM$2>=СОТРУДНИКИ!$C$3,$KM$2<=СОТРУДНИКИ!$D$3),"О",""),IF(AND(СОТРУДНИКИ!$F$3<>"",СОТРУДНИКИ!$G$3<>"",$KM$2>=СОТРУДНИКИ!$F$3,$KM$2<=СОТРУДНИКИ!$G$3),"О",""),IF(AND(СОТРУДНИКИ!$I$3<>"",СОТРУДНИКИ!$J$3<>"",$KM$2>=СОТРУДНИКИ!$I$3,$KM$2<=СОТРУДНИКИ!$J$3),"О","")),"О","") -> #VALUE! | KN4: =IF(OR(IF(AND(СОТРУДНИКИ!$C$3<>"",СОТРУДНИКИ!$D$3<>"",$KN$2>=СОТРУДНИКИ!$C$3,$KN$2<=СОТРУДНИКИ!$D$3),"О",""),IF(AND(СОТРУДНИКИ!$F$3<>"",СОТРУДНИКИ!$G$3<>"",$KN$2>=СОТРУДНИКИ!$F$3,$KN$2<=СОТРУДНИКИ!$G$3),"О",""),IF(AND(СОТРУДНИКИ!$I$3<>"",СОТРУДНИКИ!$J$3<>"",$KN$2>=СОТРУДНИКИ!$I$3,$KN$2<=СОТРУДНИКИ!$J$3),"О","")),"О","") -> #VALUE! | KO4: =IF(OR(IF(AND(СОТРУДНИКИ!$C$3<>"",СОТРУДНИКИ!$D$3<>"",$KO$2>=СОТРУДНИКИ!$C$3,$KO$2<=СОТРУДНИКИ!$D$3),"О",""),IF(AND(СОТРУДНИКИ!$F$3<>"",СОТРУДНИКИ!$G$3<>"",$KO$2>=СОТРУДНИКИ!$F$3,$KO$2<=СОТРУДНИКИ!$G$3),"О",""),IF(AND(СОТРУДНИКИ!$I$3<>"",СОТРУДНИКИ!$J$3<>"",$KO$2>=СОТРУДНИКИ!$I$3,$KO$2<=СОТРУДНИКИ!$J$3),"О","")),"О","") -> #VALUE! | KP4: =IF(OR(IF(AND(СОТРУДНИКИ!$C$3<>"",СОТРУДНИКИ!$D$3<>"",$KP$2>=СОТРУДНИКИ!$C$3,$KP$2<=СОТРУДНИКИ!$D$3),"О",""),IF(AND(СОТРУДНИКИ!$F$3<>"",СОТРУДНИКИ!$G$3<>"",$KP$2>=СОТРУДНИКИ!$F$3,$KP$2<=СОТРУДНИКИ!$G$3),"О",""),IF(AND(СОТРУДНИКИ!$I$3<>"",СОТРУДНИКИ!$J$3<>"",$KP$2>=СОТРУДНИКИ!$I$3,$KP$2<=СОТРУДНИКИ!$J$3),"О","")),"О","") -> #VALUE! | KQ4: =IF(OR(IF(AND(СОТРУДНИКИ!$C$3<>"",СОТРУДНИКИ!$D$3<>"",$KQ$2>=СОТРУДНИКИ!$C$3,$KQ$2<=СОТРУДНИКИ!$D$3),"О",""),IF(AND(СОТРУДНИКИ!$F$3<>"",СОТРУДНИКИ!$G$3<>"",$KQ$2>=СОТРУДНИКИ!$F$3,$KQ$2<=СОТРУДНИКИ!$G$3),"О",""),IF(AND(СОТРУДНИКИ!$I$3<>"",СОТРУДНИКИ!$J$3<>"",$KQ$2>=СОТРУДНИКИ!$I$3,$KQ$2<=СОТРУДНИКИ!$J$3),"О","")),"О","") -> #VALUE! | KR4: =IF(OR(IF(AND(СОТРУДНИКИ!$C$3<>"",СОТРУДНИКИ!$D$3<>"",$KR$2>=СОТРУДНИКИ!$C$3,$KR$2<=СОТРУДНИКИ!$D$3),"О",""),IF(AND(СОТРУДНИКИ!$F$3<>"",СОТРУДНИКИ!$G$3<>"",$KR$2>=СОТРУДНИКИ!$F$3,$KR$2<=СОТРУДНИКИ!$G$3),"О",""),IF(AND(СОТРУДНИКИ!$I$3<>"",СОТРУДНИКИ!$J$3<>"",$KR$2>=СОТРУДНИКИ!$I$3,$KR$2<=СОТРУДНИКИ!$J$3),"О","")),"О","") -> #VALUE! | KS4: =IF(OR(IF(AND(СОТРУДНИКИ!$C$3<>"",СОТРУДНИКИ!$D$3<>"",$KS$2>=СОТРУДНИКИ!$C$3,$KS$2<=СОТРУДНИКИ!$D$3),"О",""),IF(AND(СОТРУДНИКИ!$F$3<>"",СОТРУДНИКИ!$G$3<>"",$KS$2>=СОТРУДНИКИ!$F$3,$KS$2<=СОТРУДНИКИ!$G$3),"О",""),IF(AND(СОТРУДНИКИ!$I$3<>"",СОТРУДНИКИ!$J$3<>"",$KS$2>=СОТРУДНИКИ!$I$3,$KS$2<=СОТРУДНИКИ!$J$3),"О","")),"О","") -> #VALUE! | KT4: =IF(OR(IF(AND(СОТРУДНИКИ!$C$3<>"",СОТРУДНИКИ!$D$3<>"",$KT$2>=СОТРУДНИКИ!$C$3,$KT$2<=СОТРУДНИКИ!$D$3),"О",""),IF(AND(СОТРУДНИКИ!$F$3<>"",СОТРУДНИКИ!$G$3<>"",$KT$2>=СОТРУДНИКИ!$F$3,$KT$2<=СОТРУДНИКИ!$G$3),"О",""),IF(AND(СОТРУДНИКИ!$I$3<>"",СОТРУДНИКИ!$J$3<>"",$KT$2>=СОТРУДНИКИ!$I$3,$KT$2<=СОТРУДНИКИ!$J$3),"О","")),"О","") -> #VALUE! | KU4: =IF(OR(IF(AND(СОТРУДНИКИ!$C$3<>"",СОТРУДНИКИ!$D$3<>"",$KU$2>=СОТРУДНИКИ!$C$3,$KU$2<=СОТРУДНИКИ!$D$3),"О",""),IF(AND(СОТРУДНИКИ!$F$3<>"",СОТРУДНИКИ!$G$3<>"",$KU$2>=СОТРУДНИКИ!$F$3,$KU$2<=СОТРУДНИКИ!$G$3),"О",""),IF(AND(СОТРУДНИКИ!$I$3<>"",СОТРУДНИКИ!$J$3<>"",$KU$2>=СОТРУДНИКИ!$I$3,$KU$2<=СОТРУДНИКИ!$J$3),"О","")),"О","") -> #VALUE! | KV4: =IF(OR(IF(AND(СОТРУДНИКИ!$C$3<>"",СОТРУДНИКИ!$D$3<>"",$KV$2>=СОТРУДНИКИ!$C$3,$KV$2<=СОТРУДНИКИ!$D$3),"О",""),IF(AND(СОТРУДНИКИ!$F$3<>"",СОТРУДНИКИ!$G$3<>"",$KV$2>=СОТРУДНИКИ!$F$3,$KV$2<=СОТРУДНИКИ!$G$3),"О",""),IF(AND(СОТРУДНИКИ!$I$3<>"",СОТРУДНИКИ!$J$3<>"",$KV$2>=СОТРУДНИКИ!$I$3,$KV$2<=СОТРУДНИКИ!$J$3),"О","")),"О","") -> #VALUE! | KW4: =IF(OR(IF(AND(СОТРУДНИКИ!$C$3<>"",СОТРУДНИКИ!$D$3<>"",$KW$2>=СОТРУДНИКИ!$C$3,$KW$2<=СОТРУДНИКИ!$D$3),"О",""),IF(AND(СОТРУДНИКИ!$F$3<>"",СОТРУДНИКИ!$G$3<>"",$KW$2>=СОТРУДНИКИ!$F$3,$KW$2<=СОТРУДНИКИ!$G$3),"О",""),IF(AND(СОТРУДНИКИ!$I$3<>"",СОТРУДНИКИ!$J$3<>"",$KW$2>=СОТРУДНИКИ!$I$3,$KW$2<=СОТРУДНИКИ!$J$3),"О","")),"О","") -> #VALUE! | KX4: =IF(OR(IF(AND(СОТРУДНИКИ!$C$3<>"",СОТРУДНИКИ!$D$3<>"",$KX$2>=СОТРУДНИКИ!$C$3,$KX$2<=СОТРУДНИКИ!$D$3),"О",""),IF(AND(СОТРУДНИКИ!$F$3<>"",СОТРУДНИКИ!$G$3<>"",$KX$2>=СОТРУДНИКИ!$F$3,$KX$2<=СОТРУДНИКИ!$G$3),"О",""),IF(AND(СОТРУДНИКИ!$I$3<>"",СОТРУДНИКИ!$J$3<>"",$KX$2>=СОТРУДНИКИ!$I$3,$KX$2<=СОТРУДНИКИ!$J$3),"О","")),"О","") -> #VALUE! | KY4: =IF(OR(IF(AND(СОТРУДНИКИ!$C$3<>"",СОТРУДНИКИ!$D$3<>"",$KY$2>=СОТРУДНИКИ!$C$3,$KY$2<=СОТРУДНИКИ!$D$3),"О",""),IF(AND(СОТРУДНИКИ!$F$3<>"",СОТРУДНИКИ!$G$3<>"",$KY$2>=СОТРУДНИКИ!$F$3,$KY$2<=СОТРУДНИКИ!$G$3),"О",""),IF(AND(СОТРУДНИКИ!$I$3<>"",СОТРУДНИКИ!$J$3<>"",$KY$2>=СОТРУДНИКИ!$I$3,$KY$2<=СОТРУДНИКИ!$J$3),"О","")),"О","") -> #VALUE! | KZ4: =IF(OR(IF(AND(СОТРУДНИКИ!$C$3<>"",СОТРУДНИКИ!$D$3<>"",$KZ$2>=СОТРУДНИКИ!$C$3,$KZ$2<=СОТРУДНИКИ!$D$3),"О",""),IF(AND(СОТРУДНИКИ!$F$3<>"",СОТРУДНИКИ!$G$3<>"",$KZ$2>=СОТРУДНИКИ!$F$3,$KZ$2<=СОТРУДНИКИ!$G$3),"О",""),IF(AND(СОТРУДНИКИ!$I$3<>"",СОТРУДНИКИ!$J$3<>"",$KZ$2>=СОТРУДНИКИ!$I$3,$KZ$2<=СОТРУДНИКИ!$J$3),"О","")),"О","") -> #VALUE! | LA4: =IF(OR(IF(AND(СОТРУДНИКИ!$C$3<>"",СОТРУДНИКИ!$D$3<>"",$LA$2>=СОТРУДНИКИ!$C$3,$LA$2<=СОТРУДНИКИ!$D$3),"О",""),IF(AND(СОТРУДНИКИ!$F$3<>"",СОТРУДНИКИ!$G$3<>"",$LA$2>=СОТРУДНИКИ!$F$3,$LA$2<=СОТРУДНИКИ!$G$3),"О",""),IF(AND(СОТРУДНИКИ!$I$3<>"",СОТРУДНИКИ!$J$3<>"",$LA$2>=СОТРУДНИКИ!$I$3,$LA$2<=СОТРУДНИКИ!$J$3),"О","")),"О","") -> #VALUE! | LB4: =IF(OR(IF(AND(СОТРУДНИКИ!$C$3<>"",СОТРУДНИКИ!$D$3<>"",$LB$2>=СОТРУДНИКИ!$C$3,$LB$2<=СОТРУДНИКИ!$D$3),"О",""),IF(AND(СОТРУДНИКИ!$F$3<>"",СОТРУДНИКИ!$G$3<>"",$LB$2>=СОТРУДНИКИ!$F$3,$LB$2<=СОТРУДНИКИ!$G$3),"О",""),IF(AND(СОТРУДНИКИ!$I$3<>"",СОТРУДНИКИ!$J$3<>"",$LB$2>=СОТРУДНИКИ!$I$3,$LB$2<=СОТРУДНИКИ!$J$3),"О","")),"О","") -> #VALUE! | LC4: =IF(OR(IF(AND(СОТРУДНИКИ!$C$3<>"",СОТРУДНИКИ!$D$3<>"",$LC$2>=СОТРУДНИКИ!$C$3,$LC$2<=СОТРУДНИКИ!$D$3),"О",""),IF(AND(СОТРУДНИКИ!$F$3<>"",СОТРУДНИКИ!$G$3<>"",$LC$2>=СОТРУДНИКИ!$F$3,$LC$2<=СОТРУДНИКИ!$G$3),"О",""),IF(AND(СОТРУДНИКИ!$I$3<>"",СОТРУДНИКИ!$J$3<>"",$LC$2>=СОТРУДНИКИ!$I$3,$LC$2<=СОТРУДНИКИ!$J$3),"О","")),"О","") -> #VALUE! | LD4: =IF(OR(IF(AND(СОТРУДНИКИ!$C$3<>"",СОТРУДНИКИ!$D$3<>"",$LD$2>=СОТРУДНИКИ!$C$3,$LD$2<=СОТРУДНИКИ!$D$3),"О",""),IF(AND(СОТРУДНИКИ!$F$3<>"",СОТРУДНИКИ!$G$3<>"",$LD$2>=СОТРУДНИКИ!$F$3,$LD$2<=СОТРУДНИКИ!$G$3),"О",""),IF(AND(СОТРУДНИКИ!$I$3<>"",СОТРУДНИКИ!$J$3<>"",$LD$2>=СОТРУДНИКИ!$I$3,$LD$2<=СОТРУДНИКИ!$J$3),"О","")),"О","") -> #VALUE! | LE4: =IF(OR(IF(AND(СОТРУДНИКИ!$C$3<>"",СОТРУДНИКИ!$D$3<>"",$LE$2>=СОТРУДНИКИ!$C$3,$LE$2<=СОТРУДНИКИ!$D$3),"О",""),IF(AND(СОТРУДНИКИ!$F$3<>"",СОТРУДНИКИ!$G$3<>"",$LE$2>=СОТРУДНИКИ!$F$3,$LE$2<=СОТРУДНИКИ!$G$3),"О",""),IF(AND(СОТРУДНИКИ!$I$3<>"",СОТРУДНИКИ!$J$3<>"",$LE$2>=СОТРУДНИКИ!$I$3,$LE$2<=СОТРУДНИКИ!$J$3),"О","")),"О","") -> #VALUE! | LF4: =IF(OR(IF(AND(СОТРУДНИКИ!$C$3<>"",СОТРУДНИКИ!$D$3<>"",$LF$2>=СОТРУДНИКИ!$C$3,$LF$2<=СОТРУДНИКИ!$D$3),"О",""),IF(AND(СОТРУДНИКИ!$F$3<>"",СОТРУДНИКИ!$G$3<>"",$LF$2>=СОТРУДНИКИ!$F$3,$LF$2<=СОТРУДНИКИ!$G$3),"О",""),IF(AND(СОТРУДНИКИ!$I$3<>"",СОТРУДНИКИ!$J$3<>"",$LF$2>=СОТРУДНИКИ!$I$3,$LF$2<=СОТРУДНИКИ!$J$3),"О","")),"О","") -> #VALUE! | LG4: =IF(OR(IF(AND(СОТРУДНИКИ!$C$3<>"",СОТРУДНИКИ!$D$3<>"",$LG$2>=СОТРУДНИКИ!$C$3,$LG$2<=СОТРУДНИКИ!$D$3),"О",""),IF(AND(СОТРУДНИКИ!$F$3<>"",СОТРУДНИКИ!$G$3<>"",$LG$2>=СОТРУДНИКИ!$F$3,$LG$2<=СОТРУДНИКИ!$G$3),"О",""),IF(AND(СОТРУДНИКИ!$I$3<>"",СОТРУДНИКИ!$J$3<>"",$LG$2>=СОТРУДНИКИ!$I$3,$LG$2<=СОТРУДНИКИ!$J$3),"О","")),"О","") -> #VALUE! | LH4: =IF(OR(IF(AND(СОТРУДНИКИ!$C$3<>"",СОТРУДНИКИ!$D$3<>"",$LH$2>=СОТРУДНИКИ!$C$3,$LH$2<=СОТРУДНИКИ!$D$3),"О",""),IF(AND(СОТРУДНИКИ!$F$3<>"",СОТРУДНИКИ!$G$3<>"",$LH$2>=СОТРУДНИКИ!$F$3,$LH$2<=СОТРУДНИКИ!$G$3),"О",""),IF(AND(СОТРУДНИКИ!$I$3<>"",СОТРУДНИКИ!$J$3<>"",$LH$2>=СОТРУДНИКИ!$I$3,$LH$2<=СОТРУДНИКИ!$J$3),"О","")),"О","") -> #VALUE! | LI4: =IF(OR(IF(AND(СОТРУДНИКИ!$C$3<>"",СОТРУДНИКИ!$D$3<>"",$LI$2>=СОТРУДНИКИ!$C$3,$LI$2<=СОТРУДНИКИ!$D$3),"О",""),IF(AND(СОТРУДНИКИ!$F$3<>"",СОТРУДНИКИ!$G$3<>"",$LI$2>=СОТРУДНИКИ!$F$3,$LI$2<=СОТРУДНИКИ!$G$3),"О",""),IF(AND(СОТРУДНИКИ!$I$3<>"",СОТРУДНИКИ!$J$3<>"",$LI$2>=СОТРУДНИКИ!$I$3,$LI$2<=СОТРУДНИКИ!$J$3),"О","")),"О","") -> #VALUE! | LJ4: =IF(OR(IF(AND(СОТРУДНИКИ!$C$3<>"",СОТРУДНИКИ!$D$3<>"",$LJ$2>=СОТРУДНИКИ!$C$3,$LJ$2<=СОТРУДНИКИ!$D$3),"О",""),IF(AND(СОТРУДНИКИ!$F$3<>"",СОТРУДНИКИ!$G$3<>"",$LJ$2>=СОТРУДНИКИ!$F$3,$LJ$2<=СОТРУДНИКИ!$G$3),"О",""),IF(AND(СОТРУДНИКИ!$I$3<>"",СОТРУДНИКИ!$J$3<>"",$LJ$2>=СОТРУДНИКИ!$I$3,$LJ$2<=СОТРУДНИКИ!$J$3),"О","")),"О","") -> #VALUE! | LK4: =IF(OR(IF(AND(СОТРУДНИКИ!$C$3<>"",СОТРУДНИКИ!$D$3<>"",$LK$2>=СОТРУДНИКИ!$C$3,$LK$2<=СОТРУДНИКИ!$D$3),"О",""),IF(AND(СОТРУДНИКИ!$F$3<>"",СОТРУДНИКИ!$G$3<>"",$LK$2>=СОТРУДНИКИ!$F$3,$LK$2<=СОТРУДНИКИ!$G$3),"О",""),IF(AND(СОТРУДНИКИ!$I$3<>"",СОТРУДНИКИ!$J$3<>"",$LK$2>=СОТРУДНИКИ!$I$3,$LK$2<=СОТРУДНИКИ!$J$3),"О","")),"О","") -> #VALUE! | LL4: =IF(OR(IF(AND(СОТРУДНИКИ!$C$3<>"",СОТРУДНИКИ!$D$3<>"",$LL$2>=СОТРУДНИКИ!$C$3,$LL$2<=СОТРУДНИКИ!$D$3),"О",""),IF(AND(СОТРУДНИКИ!$F$3<>"",СОТРУДНИКИ!$G$3<>"",$LL$2>=СОТРУДНИКИ!$F$3,$LL$2<=СОТРУДНИКИ!$G$3),"О",""),IF(AND(СОТРУДНИКИ!$I$3<>"",СОТРУДНИКИ!$J$3<>"",$LL$2>=СОТРУДНИКИ!$I$3,$LL$2<=СОТРУДНИКИ!$J$3),"О","")),"О","") -> #VALUE! | LM4: =IF(OR(IF(AND(СОТРУДНИКИ!$C$3<>"",СОТРУДНИКИ!$D$3<>"",$LM$2>=СОТРУДНИКИ!$C$3,$LM$2<=СОТРУДНИКИ!$D$3),"О",""),IF(AND(СОТРУДНИКИ!$F$3<>"",СОТРУДНИКИ!$G$3<>"",$LM$2>=СОТРУДНИКИ!$F$3,$LM$2<=СОТРУДНИКИ!$G$3),"О",""),IF(AND(СОТРУДНИКИ!$I$3<>"",СОТРУДНИКИ!$J$3<>"",$LM$2>=СОТРУДНИКИ!$I$3,$LM$2<=СОТРУДНИКИ!$J$3),"О","")),"О","") -> #VALUE! | LN4: =IF(OR(IF(AND(СОТРУДНИКИ!$C$3<>"",СОТРУДНИКИ!$D$3<>"",$LN$2>=СОТРУДНИКИ!$C$3,$LN$2<=СОТРУДНИКИ!$D$3),"О",""),IF(AND(СОТРУДНИКИ!$F$3<>"",СОТРУДНИКИ!$G$3<>"",$LN$2>=СОТРУДНИКИ!$F$3,$LN$2<=СОТРУДНИКИ!$G$3),"О",""),IF(AND(СОТРУДНИКИ!$I$3<>"",СОТРУДНИКИ!$J$3<>"",$LN$2>=СОТРУДНИКИ!$I$3,$LN$2<=СОТРУДНИКИ!$J$3),"О","")),"О","") -> #VALUE! | LO4: =IF(OR(IF(AND(СОТРУДНИКИ!$C$3<>"",СОТРУДНИКИ!$D$3<>"",$LO$2>=СОТРУДНИКИ!$C$3,$LO$2<=СОТРУДНИКИ!$D$3),"О",""),IF(AND(СОТРУДНИКИ!$F$3<>"",СОТРУДНИКИ!$G$3<>"",$LO$2>=СОТРУДНИКИ!$F$3,$LO$2<=СОТРУДНИКИ!$G$3),"О",""),IF(AND(СОТРУДНИКИ!$I$3<>"",СОТРУДНИКИ!$J$3<>"",$LO$2>=СОТРУДНИКИ!$I$3,$LO$2<=СОТРУДНИКИ!$J$3),"О","")),"О","") -> #VALUE! | LP4: =IF(OR(IF(AND(СОТРУДНИКИ!$C$3<>"",СОТРУДНИКИ!$D$3<>"",$LP$2>=СОТРУДНИКИ!$C$3,$LP$2<=СОТРУДНИКИ!$D$3),"О",""),IF(AND(СОТРУДНИКИ!$F$3<>"",СОТРУДНИКИ!$G$3<>"",$LP$2>=СОТРУДНИКИ!$F$3,$LP$2<=СОТРУДНИКИ!$G$3),"О",""),IF(AND(СОТРУДНИКИ!$I$3<>"",СОТРУДНИКИ!$J$3<>"",$LP$2>=СОТРУДНИКИ!$I$3,$LP$2<=СОТРУДНИКИ!$J$3),"О","")),"О","") -> #VALUE! | LQ4: =IF(OR(IF(AND(СОТРУДНИКИ!$C$3<>"",СОТРУДНИКИ!$D$3<>"",$LQ$2>=СОТРУДНИКИ!$C$3,$LQ$2<=СОТРУДНИКИ!$D$3),"О",""),IF(AND(СОТРУДНИКИ!$F$3<>"",СОТРУДНИКИ!$G$3<>"",$LQ$2>=СОТРУДНИКИ!$F$3,$LQ$2<=СОТРУДНИКИ!$G$3),"О",""),IF(AND(СОТРУДНИКИ!$I$3<>"",СОТРУДНИКИ!$J$3<>"",$LQ$2>=СОТРУДНИКИ!$I$3,$LQ$2<=СОТРУДНИКИ!$J$3),"О","")),"О","") -> #VALUE! | LR4: =IF(OR(IF(AND(СОТРУДНИКИ!$C$3<>"",СОТРУДНИКИ!$D$3<>"",$LR$2>=СОТРУДНИКИ!$C$3,$LR$2<=СОТРУДНИКИ!$D$3),"О",""),IF(AND(СОТРУДНИКИ!$F$3<>"",СОТРУДНИКИ!$G$3<>"",$LR$2>=СОТРУДНИКИ!$F$3,$LR$2<=СОТРУДНИКИ!$G$3),"О",""),IF(AND(СОТРУДНИКИ!$I$3<>"",СОТРУДНИКИ!$J$3<>"",$LR$2>=СОТРУДНИКИ!$I$3,$LR$2<=СОТРУДНИКИ!$J$3),"О","")),"О","") -> #VALUE! | LS4: =IF(OR(IF(AND(СОТРУДНИКИ!$C$3<>"",СОТРУДНИКИ!$D$3<>"",$LS$2>=СОТРУДНИКИ!$C$3,$LS$2<=СОТРУДНИКИ!$D$3),"О",""),IF(AND(СОТРУДНИКИ!$F$3<>"",СОТРУДНИКИ!$G$3<>"",$LS$2>=СОТРУДНИКИ!$F$3,$LS$2<=СОТРУДНИКИ!$G$3),"О",""),IF(AND(СОТРУДНИКИ!$I$3<>"",СОТРУДНИКИ!$J$3<>"",$LS$2>=СОТРУДНИКИ!$I$3,$LS$2<=СОТРУДНИКИ!$J$3),"О","")),"О","") -> #VALUE! | LT4: =IF(OR(IF(AND(СОТРУДНИКИ!$C$3<>"",СОТРУДНИКИ!$D$3<>"",$LT$2>=СОТРУДНИКИ!$C$3,$LT$2<=СОТРУДНИКИ!$D$3),"О",""),IF(AND(СОТРУДНИКИ!$F$3<>"",СОТРУДНИКИ!$G$3<>"",$LT$2>=СОТРУДНИКИ!$F$3,$LT$2<=СОТРУДНИКИ!$G$3),"О",""),IF(AND(СОТРУДНИКИ!$I$3<>"",СОТРУДНИКИ!$J$3<>"",$LT$2>=СОТРУДНИКИ!$I$3,$LT$2<=СОТРУДНИКИ!$J$3),"О","")),"О","") -> #VALUE! | LU4: =IF(OR(IF(AND(СОТРУДНИКИ!$C$3<>"",СОТРУДНИКИ!$D$3<>"",$LU$2>=СОТРУДНИКИ!$C$3,$LU$2<=СОТРУДНИКИ!$D$3),"О",""),IF(AND(СОТРУДНИКИ!$F$3<>"",СОТРУДНИКИ!$G$3<>"",$LU$2>=СОТРУДНИКИ!$F$3,$LU$2<=СОТРУДНИКИ!$G$3),"О",""),IF(AND(СОТРУДНИКИ!$I$3<>"",СОТРУДНИКИ!$J$3<>"",$LU$2>=СОТРУДНИКИ!$I$3,$LU$2<=СОТРУДНИКИ!$J$3),"О","")),"О","") -> #VALUE! | LV4: =IF(OR(IF(AND(СОТРУДНИКИ!$C$3<>"",СОТРУДНИКИ!$D$3<>"",$LV$2>=СОТРУДНИКИ!$C$3,$LV$2<=СОТРУДНИКИ!$D$3),"О",""),IF(AND(СОТРУДНИКИ!$F$3<>"",СОТРУДНИКИ!$G$3<>"",$LV$2>=СОТРУДНИКИ!$F$3,$LV$2<=СОТРУДНИКИ!$G$3),"О",""),IF(AND(СОТРУДНИКИ!$I$3<>"",СОТРУДНИКИ!$J$3<>"",$LV$2>=СОТРУДНИКИ!$I$3,$LV$2<=СОТРУДНИКИ!$J$3),"О","")),"О","") -> #VALUE! | LW4: =IF(OR(IF(AND(СОТРУДНИКИ!$C$3<>"",СОТРУДНИКИ!$D$3<>"",$LW$2>=СОТРУДНИКИ!$C$3,$LW$2<=СОТРУДНИКИ!$D$3),"О",""),IF(AND(СОТРУДНИКИ!$F$3<>"",СОТРУДНИКИ!$G$3<>"",$LW$2>=СОТРУДНИКИ!$F$3,$LW$2<=СОТРУДНИКИ!$G$3),"О",""),IF(AND(СОТРУДНИКИ!$I$3<>"",СОТРУДНИКИ!$J$3<>"",$LW$2>=СОТРУДНИКИ!$I$3,$LW$2<=СОТРУДНИКИ!$J$3),"О","")),"О","") -> #VALUE! | LX4: =IF(OR(IF(AND(СОТРУДНИКИ!$C$3<>"",СОТРУДНИКИ!$D$3<>"",$LX$2>=СОТРУДНИКИ!$C$3,$LX$2<=СОТРУДНИКИ!$D$3),"О",""),IF(AND(СОТРУДНИКИ!$F$3<>"",СОТРУДНИКИ!$G$3<>"",$LX$2>=СОТРУДНИКИ!$F$3,$LX$2<=СОТРУДНИКИ!$G$3),"О",""),IF(AND(СОТРУДНИКИ!$I$3<>"",СОТРУДНИКИ!$J$3<>"",$LX$2>=СОТРУДНИКИ!$I$3,$LX$2<=СОТРУДНИКИ!$J$3),"О","")),"О","") -> #VALUE! | LY4: =IF(OR(IF(AND(СОТРУДНИКИ!$C$3<>"",СОТРУДНИКИ!$D$3<>"",$LY$2>=СОТРУДНИКИ!$C$3,$LY$2<=СОТРУДНИКИ!$D$3),"О",""),IF(AND(СОТРУДНИКИ!$F$3<>"",СОТРУДНИКИ!$G$3<>"",$LY$2>=СОТРУДНИКИ!$F$3,$LY$2<=СОТРУДНИКИ!$G$3),"О",""),IF(AND(СОТРУДНИКИ!$I$3<>"",СОТРУДНИКИ!$J$3<>"",$LY$2>=СОТРУДНИКИ!$I$3,$LY$2<=СОТРУДНИКИ!$J$3),"О","")),"О","") -> #VALUE! | LZ4: =IF(OR(IF(AND(СОТРУДНИКИ!$C$3<>"",СОТРУДНИКИ!$D$3<>"",$LZ$2>=СОТРУДНИКИ!$C$3,$LZ$2<=СОТРУДНИКИ!$D$3),"О",""),IF(AND(СОТРУДНИКИ!$F$3<>"",СОТРУДНИКИ!$G$3<>"",$LZ$2>=СОТРУДНИКИ!$F$3,$LZ$2<=СОТРУДНИКИ!$G$3),"О",""),IF(AND(СОТРУДНИКИ!$I$3<>"",СОТРУДНИКИ!$J$3<>"",$LZ$2>=СОТРУДНИКИ!$I$3,$LZ$2<=СОТРУДНИКИ!$J$3),"О","")),"О","") -> #VALUE! | MA4: =IF(OR(IF(AND(СОТРУДНИКИ!$C$3<>"",СОТРУДНИКИ!$D$3<>"",$MA$2>=СОТРУДНИКИ!$C$3,$MA$2<=СОТРУДНИКИ!$D$3),"О",""),IF(AND(СОТРУДНИКИ!$F$3<>"",СОТРУДНИКИ!$G$3<>"",$MA$2>=СОТРУДНИКИ!$F$3,$MA$2<=СОТРУДНИКИ!$G$3),"О",""),IF(AND(СОТРУДНИКИ!$I$3<>"",СОТРУДНИКИ!$J$3<>"",$MA$2>=СОТРУДНИКИ!$I$3,$MA$2<=СОТРУДНИКИ!$J$3),"О","")),"О","") -> #VALUE! | MB4: =IF(OR(IF(AND(СОТРУДНИКИ!$C$3<>"",СОТРУДНИКИ!$D$3<>"",$MB$2>=СОТРУДНИКИ!$C$3,$MB$2<=СОТРУДНИКИ!$D$3),"О",""),IF(AND(СОТРУДНИКИ!$F$3<>"",СОТРУДНИКИ!$G$3<>"",$MB$2>=СОТРУДНИКИ!$F$3,$MB$2<=СОТРУДНИКИ!$G$3),"О",""),IF(AND(СОТРУДНИКИ!$I$3<>"",СОТРУДНИКИ!$J$3<>"",$MB$2>=СОТРУДНИКИ!$I$3,$MB$2<=СОТРУДНИКИ!$J$3),"О","")),"О","") -> #VALUE! | MC4: =IF(OR(IF(AND(СОТРУДНИКИ!$C$3<>"",СОТРУДНИКИ!$D$3<>"",$MC$2>=СОТРУДНИКИ!$C$3,$MC$2<=СОТРУДНИКИ!$D$3),"О",""),IF(AND(СОТРУДНИКИ!$F$3<>"",СОТРУДНИКИ!$G$3<>"",$MC$2>=СОТРУДНИКИ!$F$3,$MC$2<=СОТРУДНИКИ!$G$3),"О",""),IF(AND(СОТРУДНИКИ!$I$3<>"",СОТРУДНИКИ!$J$3<>"",$MC$2>=СОТРУДНИКИ!$I$3,$MC$2<=СОТРУДНИКИ!$J$3),"О","")),"О","") -> #VALUE! | MD4: =IF(OR(IF(AND(СОТРУДНИКИ!$C$3<>"",СОТРУДНИКИ!$D$3<>"",$MD$2>=СОТРУДНИКИ!$C$3,$MD$2<=СОТРУДНИКИ!$D$3),"О",""),IF(AND(СОТРУДНИКИ!$F$3<>"",СОТРУДНИКИ!$G$3<>"",$MD$2>=СОТРУДНИКИ!$F$3,$MD$2<=СОТРУДНИКИ!$G$3),"О",""),IF(AND(СОТРУДНИКИ!$I$3<>"",СОТРУДНИКИ!$J$3<>"",$MD$2>=СОТРУДНИКИ!$I$3,$MD$2<=СОТРУДНИКИ!$J$3),"О","")),"О","") -> #VALUE! | ME4: =IF(OR(IF(AND(СОТРУДНИКИ!$C$3<>"",СОТРУДНИКИ!$D$3<>"",$ME$2>=СОТРУДНИКИ!$C$3,$ME$2<=СОТРУДНИКИ!$D$3),"О",""),IF(AND(СОТРУДНИКИ!$F$3<>"",СОТРУДНИКИ!$G$3<>"",$ME$2>=СОТРУДНИКИ!$F$3,$ME$2<=СОТРУДНИКИ!$G$3),"О",""),IF(AND(СОТРУДНИКИ!$I$3<>"",СОТРУДНИКИ!$J$3<>"",$ME$2>=СОТРУДНИКИ!$I$3,$ME$2<=СОТРУДНИКИ!$J$3),"О","")),"О","") -> #VALUE! | MF4: =IF(OR(IF(AND(СОТРУДНИКИ!$C$3<>"",СОТРУДНИКИ!$D$3<>"",$MF$2>=СОТРУДНИКИ!$C$3,$MF$2<=СОТРУДНИКИ!$D$3),"О",""),IF(AND(СОТРУДНИКИ!$F$3<>"",СОТРУДНИКИ!$G$3<>"",$MF$2>=СОТРУДНИКИ!$F$3,$MF$2<=СОТРУДНИКИ!$G$3),"О",""),IF(AND(СОТРУДНИКИ!$I$3<>"",СОТРУДНИКИ!$J$3<>"",$MF$2>=СОТРУДНИКИ!$I$3,$MF$2<=СОТРУДНИКИ!$J$3),"О","")),"О","") -> #VALUE! | MG4: =IF(OR(IF(AND(СОТРУДНИКИ!$C$3<>"",СОТРУДНИКИ!$D$3<>"",$MG$2>=СОТРУДНИКИ!$C$3,$MG$2<=СОТРУДНИКИ!$D$3),"О",""),IF(AND(СОТРУДНИКИ!$F$3<>"",СОТРУДНИКИ!$G$3<>"",$MG$2>=СОТРУДНИКИ!$F$3,$MG$2<=СОТРУДНИКИ!$G$3),"О",""),IF(AND(СОТРУДНИКИ!$I$3<>"",СОТРУДНИКИ!$J$3<>"",$MG$2>=СОТРУДНИКИ!$I$3,$MG$2<=СОТРУДНИКИ!$J$3),"О","")),"О","") -> #VALUE! | MH4: =IF(OR(IF(AND(СОТРУДНИКИ!$C$3<>"",СОТРУДНИКИ!$D$3<>"",$MH$2>=СОТРУДНИКИ!$C$3,$MH$2<=СОТРУДНИКИ!$D$3),"О",""),IF(AND(СОТРУДНИКИ!$F$3<>"",СОТРУДНИКИ!$G$3<>"",$MH$2>=СОТРУДНИКИ!$F$3,$MH$2<=СОТРУДНИКИ!$G$3),"О",""),IF(AND(СОТРУДНИКИ!$I$3<>"",СОТРУДНИКИ!$J$3<>"",$MH$2>=СОТРУДНИКИ!$I$3,$MH$2<=СОТРУДНИКИ!$J$3),"О","")),"О","") -> #VALUE! | MI4: =IF(OR(IF(AND(СОТРУДНИКИ!$C$3<>"",СОТРУДНИКИ!$D$3<>"",$MI$2>=СОТРУДНИКИ!$C$3,$MI$2<=СОТРУДНИКИ!$D$3),"О",""),IF(AND(СОТРУДНИКИ!$F$3<>"",СОТРУДНИКИ!$G$3<>"",$MI$2>=СОТРУДНИКИ!$F$3,$MI$2<=СОТРУДНИКИ!$G$3),"О",""),IF(AND(СОТРУДНИКИ!$I$3<>"",СОТРУДНИКИ!$J$3<>"",$MI$2>=СОТРУДНИКИ!$I$3,$MI$2<=СОТРУДНИКИ!$J$3),"О","")),"О","") -> #VALUE! | MJ4: =IF(OR(IF(AND(СОТРУДНИКИ!$C$3<>"",СОТРУДНИКИ!$D$3<>"",$MJ$2>=СОТРУДНИКИ!$C$3,$MJ$2<=СОТРУДНИКИ!$D$3),"О",""),IF(AND(СОТРУДНИКИ!$F$3<>"",СОТРУДНИКИ!$G$3<>"",$MJ$2>=СОТРУДНИКИ!$F$3,$MJ$2<=СОТРУДНИКИ!$G$3),"О",""),IF(AND(СОТРУДНИКИ!$I$3<>"",СОТРУДНИКИ!$J$3<>"",$MJ$2>=СОТРУДНИКИ!$I$3,$MJ$2<=СОТРУДНИКИ!$J$3),"О","")),"О","") -> #VALUE! | MK4: =IF(OR(IF(AND(СОТРУДНИКИ!$C$3<>"",СОТРУДНИКИ!$D$3<>"",$MK$2>=СОТРУДНИКИ!$C$3,$MK$2<=СОТРУДНИКИ!$D$3),"О",""),IF(AND(СОТРУДНИКИ!$F$3<>"",СОТРУДНИКИ!$G$3<>"",$MK$2>=СОТРУДНИКИ!$F$3,$MK$2<=СОТРУДНИКИ!$G$3),"О",""),IF(AND(СОТРУДНИКИ!$I$3<>"",СОТРУДНИКИ!$J$3<>"",$MK$2>=СОТРУДНИКИ!$I$3,$MK$2<=СОТРУДНИКИ!$J$3),"О","")),"О","") -> #VALUE! | ML4: =IF(OR(IF(AND(СОТРУДНИКИ!$C$3<>"",СОТРУДНИКИ!$D$3<>"",$ML$2>=СОТРУДНИКИ!$C$3,$ML$2<=СОТРУДНИКИ!$D$3),"О",""),IF(AND(СОТРУДНИКИ!$F$3<>"",СОТРУДНИКИ!$G$3<>"",$ML$2>=СОТРУДНИКИ!$F$3,$ML$2<=СОТРУДНИКИ!$G$3),"О",""),IF(AND(СОТРУДНИКИ!$I$3<>"",СОТРУДНИКИ!$J$3<>"",$ML$2>=СОТРУДНИКИ!$I$3,$ML$2<=СОТРУДНИКИ!$J$3),"О","")),"О","") -> #VALUE! | MM4: =IF(OR(IF(AND(СОТРУДНИКИ!$C$3<>"",СОТРУДНИКИ!$D$3<>"",$MM$2>=СОТРУДНИКИ!$C$3,$MM$2<=СОТРУДНИКИ!$D$3),"О",""),IF(AND(СОТРУДНИКИ!$F$3<>"",СОТРУДНИКИ!$G$3<>"",$MM$2>=СОТРУДНИКИ!$F$3,$MM$2<=СОТРУДНИКИ!$G$3),"О",""),IF(AND(СОТРУДНИКИ!$I$3<>"",СОТРУДНИКИ!$J$3<>"",$MM$2>=СОТРУДНИКИ!$I$3,$MM$2<=СОТРУДНИКИ!$J$3),"О","")),"О","") -> #VALUE! | MN4: =IF(OR(IF(AND(СОТРУДНИКИ!$C$3<>"",СОТРУДНИКИ!$D$3<>"",$MN$2>=СОТРУДНИКИ!$C$3,$MN$2<=СОТРУДНИКИ!$D$3),"О",""),IF(AND(СОТРУДНИКИ!$F$3<>"",СОТРУДНИКИ!$G$3<>"",$MN$2>=СОТРУДНИКИ!$F$3,$MN$2<=СОТРУДНИКИ!$G$3),"О",""),IF(AND(СОТРУДНИКИ!$I$3<>"",СОТРУДНИКИ!$J$3<>"",$MN$2>=СОТРУДНИКИ!$I$3,$MN$2<=СОТРУДНИКИ!$J$3),"О","")),"О","") -> #VALUE! | MO4: =IF(OR(IF(AND(СОТРУДНИКИ!$C$3<>"",СОТРУДНИКИ!$D$3<>"",$MO$2>=СОТРУДНИКИ!$C$3,$MO$2<=СОТРУДНИКИ!$D$3),"О",""),IF(AND(СОТРУДНИКИ!$F$3<>"",СОТРУДНИКИ!$G$3<>"",$MO$2>=СОТРУДНИКИ!$F$3,$MO$2<=СОТРУДНИКИ!$G$3),"О",""),IF(AND(СОТРУДНИКИ!$I$3<>"",СОТРУДНИКИ!$J$3<>"",$MO$2>=СОТРУДНИКИ!$I$3,$MO$2<=СОТРУДНИКИ!$J$3),"О","")),"О","") -> #VALUE! | MP4: =IF(OR(IF(AND(СОТРУДНИКИ!$C$3<>"",СОТРУДНИКИ!$D$3<>"",$MP$2>=СОТРУДНИКИ!$C$3,$MP$2<=СОТРУДНИКИ!$D$3),"О",""),IF(AND(СОТРУДНИКИ!$F$3<>"",СОТРУДНИКИ!$G$3<>"",$MP$2>=СОТРУДНИКИ!$F$3,$MP$2<=СОТРУДНИКИ!$G$3),"О",""),IF(AND(СОТРУДНИКИ!$I$3<>"",СОТРУДНИКИ!$J$3<>"",$MP$2>=СОТРУДНИКИ!$I$3,$MP$2<=СОТРУДНИКИ!$J$3),"О","")),"О","") -> #VALUE! | MQ4: =IF(OR(IF(AND(СОТРУДНИКИ!$C$3<>"",СОТРУДНИКИ!$D$3<>"",$MQ$2>=СОТРУДНИКИ!$C$3,$MQ$2<=СОТРУДНИКИ!$D$3),"О",""),IF(AND(СОТРУДНИКИ!$F$3<>"",СОТРУДНИКИ!$G$3<>"",$MQ$2>=СОТРУДНИКИ!$F$3,$MQ$2<=СОТРУДНИКИ!$G$3),"О",""),IF(AND(СОТРУДНИКИ!$I$3<>"",СОТРУДНИКИ!$J$3<>"",$MQ$2>=СОТРУДНИКИ!$I$3,$MQ$2<=СОТРУДНИКИ!$J$3),"О","")),"О","") -> #VALUE! | MR4: =IF(OR(IF(AND(СОТРУДНИКИ!$C$3<>"",СОТРУДНИКИ!$D$3<>"",$MR$2>=СОТРУДНИКИ!$C$3,$MR$2<=СОТРУДНИКИ!$D$3),"О",""),IF(AND(СОТРУДНИКИ!$F$3<>"",СОТРУДНИКИ!$G$3<>"",$MR$2>=СОТРУДНИКИ!$F$3,$MR$2<=СОТРУДНИКИ!$G$3),"О",""),IF(AND(СОТРУДНИКИ!$I$3<>"",СОТРУДНИКИ!$J$3<>"",$MR$2>=СОТРУДНИКИ!$I$3,$MR$2<=СОТРУДНИКИ!$J$3),"О","")),"О","") -> #VALUE! | MS4: =IF(OR(IF(AND(СОТРУДНИКИ!$C$3<>"",СОТРУДНИКИ!$D$3<>"",$MS$2>=СОТРУДНИКИ!$C$3,$MS$2<=СОТРУДНИКИ!$D$3),"О",""),IF(AND(СОТРУДНИКИ!$F$3<>"",СОТРУДНИКИ!$G$3<>"",$MS$2>=СОТРУДНИКИ!$F$3,$MS$2<=СОТРУДНИКИ!$G$3),"О",""),IF(AND(СОТРУДНИКИ!$I$3<>"",СОТРУДНИКИ!$J$3<>"",$MS$2>=СОТРУДНИКИ!$I$3,$MS$2<=СОТРУДНИКИ!$J$3),"О","")),"О","") -> #VALUE! | MT4: =IF(OR(IF(AND(СОТРУДНИКИ!$C$3<>"",СОТРУДНИКИ!$D$3<>"",$MT$2>=СОТРУДНИКИ!$C$3,$MT$2<=СОТРУДНИКИ!$D$3),"О",""),IF(AND(СОТРУДНИКИ!$F$3<>"",СОТРУДНИКИ!$G$3<>"",$MT$2>=СОТРУДНИКИ!$F$3,$MT$2<=СОТРУДНИКИ!$G$3),"О",""),IF(AND(СОТРУДНИКИ!$I$3<>"",СОТРУДНИКИ!$J$3<>"",$MT$2>=СОТРУДНИКИ!$I$3,$MT$2<=СОТРУДНИКИ!$J$3),"О","")),"О","") -> #VALUE! | MU4: =IF(OR(IF(AND(СОТРУДНИКИ!$C$3<>"",СОТРУДНИКИ!$D$3<>"",$MU$2>=СОТРУДНИКИ!$C$3,$MU$2<=СОТРУДНИКИ!$D$3),"О",""),IF(AND(СОТРУДНИКИ!$F$3<>"",СОТРУДНИКИ!$G$3<>"",$MU$2>=СОТРУДНИКИ!$F$3,$MU$2<=СОТРУДНИКИ!$G$3),"О",""),IF(AND(СОТРУДНИКИ!$I$3<>"",СОТРУДНИКИ!$J$3<>"",$MU$2>=СОТРУДНИКИ!$I$3,$MU$2<=СОТРУДНИКИ!$J$3),"О","")),"О","") -> #VALUE! | MV4: =IF(OR(IF(AND(СОТРУДНИКИ!$C$3<>"",СОТРУДНИКИ!$D$3<>"",$MV$2>=СОТРУДНИКИ!$C$3,$MV$2<=СОТРУДНИКИ!$D$3),"О",""),IF(AND(СОТРУДНИКИ!$F$3<>"",СОТРУДНИКИ!$G$3<>"",$MV$2>=СОТРУДНИКИ!$F$3,$MV$2<=СОТРУДНИКИ!$G$3),"О",""),IF(AND(СОТРУДНИКИ!$I$3<>"",СОТРУДНИКИ!$J$3<>"",$MV$2>=СОТРУДНИКИ!$I$3,$MV$2<=СОТРУДНИКИ!$J$3),"О","")),"О","") -> #VALUE! | MW4: =IF(OR(IF(AND(СОТРУДНИКИ!$C$3<>"",СОТРУДНИКИ!$D$3<>"",$MW$2>=СОТРУДНИКИ!$C$3,$MW$2<=СОТРУДНИКИ!$D$3),"О",""),IF(AND(СОТРУДНИКИ!$F$3<>"",СОТРУДНИКИ!$G$3<>"",$MW$2>=СОТРУДНИКИ!$F$3,$MW$2<=СОТРУДНИКИ!$G$3),"О",""),IF(AND(СОТРУДНИКИ!$I$3<>"",СОТРУДНИКИ!$J$3<>"",$MW$2>=СОТРУДНИКИ!$I$3,$MW$2<=СОТРУДНИКИ!$J$3),"О","")),"О","") -> #VALUE! | MX4: =IF(OR(IF(AND(СОТРУДНИКИ!$C$3<>"",СОТРУДНИКИ!$D$3<>"",$MX$2>=СОТРУДНИКИ!$C$3,$MX$2<=СОТРУДНИКИ!$D$3),"О",""),IF(AND(СОТРУДНИКИ!$F$3<>"",СОТРУДНИКИ!$G$3<>"",$MX$2>=СОТРУДНИКИ!$F$3,$MX$2<=СОТРУДНИКИ!$G$3),"О",""),IF(AND(СОТРУДНИКИ!$I$3<>"",СОТРУДНИКИ!$J$3<>"",$MX$2>=СОТРУДНИКИ!$I$3,$MX$2<=СОТРУДНИКИ!$J$3),"О","")),"О","") -> #VALUE! | MY4: =IF(OR(IF(AND(СОТРУДНИКИ!$C$3<>"",СОТРУДНИКИ!$D$3<>"",$MY$2>=СОТРУДНИКИ!$C$3,$MY$2<=СОТРУДНИКИ!$D$3),"О",""),IF(AND(СОТРУДНИКИ!$F$3<>"",СОТРУДНИКИ!$G$3<>"",$MY$2>=СОТРУДНИКИ!$F$3,$MY$2<=СОТРУДНИКИ!$G$3),"О",""),IF(AND(СОТРУДНИКИ!$I$3<>"",СОТРУДНИКИ!$J$3<>"",$MY$2>=СОТРУДНИКИ!$I$3,$MY$2<=СОТРУДНИКИ!$J$3),"О","")),"О","") -> #VALUE! | MZ4: =IF(OR(IF(AND(СОТРУДНИКИ!$C$3<>"",СОТРУДНИКИ!$D$3<>"",$MZ$2>=СОТРУДНИКИ!$C$3,$MZ$2<=СОТРУДНИКИ!$D$3),"О",""),IF(AND(СОТРУДНИКИ!$F$3<>"",СОТРУДНИКИ!$G$3<>"",$MZ$2>=СОТРУДНИКИ!$F$3,$MZ$2<=СОТРУДНИКИ!$G$3),"О",""),IF(AND(СОТРУДНИКИ!$I$3<>"",СОТРУДНИКИ!$J$3<>"",$MZ$2>=СОТРУДНИКИ!$I$3,$MZ$2<=СОТРУДНИКИ!$J$3),"О","")),"О","") -> #VALUE! | NA4: =IF(OR(IF(AND(СОТРУДНИКИ!$C$3<>"",СОТРУДНИКИ!$D$3<>"",$NA$2>=СОТРУДНИКИ!$C$3,$NA$2<=СОТРУДНИКИ!$D$3),"О",""),IF(AND(СОТРУДНИКИ!$F$3<>"",СОТРУДНИКИ!$G$3<>"",$NA$2>=СОТРУДНИКИ!$F$3,$NA$2<=СОТРУДНИКИ!$G$3),"О",""),IF(AND(СОТРУДНИКИ!$I$3<>"",СОТРУДНИКИ!$J$3<>"",$NA$2>=СОТРУДНИКИ!$I$3,$NA$2<=СОТРУДНИКИ!$J$3),"О","")),"О","") -> #VALUE! | NB4: =IF(OR(IF(AND(СОТРУДНИКИ!$C$3<>"",СОТРУДНИКИ!$D$3<>"",$NB$2>=СОТРУДНИКИ!$C$3,$NB$2<=СОТРУДНИКИ!$D$3),"О",""),IF(AND(СОТРУДНИКИ!$F$3<>"",СОТРУДНИКИ!$G$3<>"",$NB$2>=СОТРУДНИКИ!$F$3,$NB$2<=СОТРУДНИКИ!$G$3),"О",""),IF(AND(СОТРУДНИКИ!$I$3<>"",СОТРУДНИКИ!$J$3<>"",$NB$2>=СОТРУДНИКИ!$I$3,$NB$2<=СОТРУДНИКИ!$J$3),"О","")),"О","") -> #VALUE! | NC4: =IF(OR(IF(AND(СОТРУДНИКИ!$C$3<>"",СОТРУДНИКИ!$D$3<>"",$NC$2>=СОТРУДНИКИ!$C$3,$NC$2<=СОТРУДНИКИ!$D$3),"О",""),IF(AND(СОТРУДНИКИ!$F$3<>"",СОТРУДНИКИ!$G$3<>"",$NC$2>=СОТРУДНИКИ!$F$3,$NC$2<=СОТРУДНИКИ!$G$3),"О",""),IF(AND(СОТРУДНИКИ!$I$3<>"",СОТРУДНИКИ!$J$3<>"",$NC$2>=СОТРУДНИКИ!$I$3,$NC$2<=СОТРУДНИКИ!$J$3),"О","")),"О","") -> #VALUE!
